{
"type": "FeatureCollection",
"name": "MG_TOMBAMENTO_IEPHA_2026_v1",
"crs": { "type": "name", "properties": { "name": "urn:ogc:def:crs:OGC:1.3:CRS84" } },
"features": [
{ "type": "Feature", "properties": { "Bens_Tomba": "Capela de São Sebastião", "PROCESSO": "PTE001/1979", "CATEGORIA": "BI", "SUBCATEG": "edificação e acervo; templo", "DESCRICAO": "Edificação e elementos artísticos descritos no processo de tombamento", "ETAPA": "TOMBADO", "ATO_LEGAL": "Decreto 19.908, de 22 de maio de 1979", "LIVRO": "II, III", "MUNICIPIO": "Araxá", "DISTRITO": "Araxá", "POINT_X": -46.940968500399997, "POINT_Y": -19.5880980837 }, "geometry": { "type": "Point", "coordinates": [ -46.940968500399997, -19.5880980837 ] } },
{ "type": "Feature", "properties": { "Bens_Tomba": "Prédio da antiga Cadeia Pública de Barbacena", "PROCESSO": "PTE002/1983", "CATEGORIA": "BI", "SUBCATEG": "edificação; militar", "DESCRICAO": "Edificação", "ETAPA": "TOMBADO", "ATO_LEGAL": "Decreto 22.867, de 1 de julho de 1983", "LIVRO": "III", "MUNICIPIO": "Barbacena", "DISTRITO": "Barbacena", "POINT_X": -43.772438118899998, "POINT_Y": -21.228185851700001 }, "geometry": { "type": "Point", "coordinates": [ -43.772438118899998, -21.228185851700001 ] } },
{ "type": "Feature", "properties": { "Bens_Tomba": "Prédio do antigo Senado Mineiro", "PROCESSO": "PTE003/1978", "CATEGORIA": "BI", "SUBCATEG": "edificação", "DESCRICAO": "Edificação", "ETAPA": "TOMBADO", "ATO_LEGAL": "Decreto 19.596, de 5 de dezembro de 1978", "LIVRO": "III", "MUNICIPIO": "Belo Horizonte", "DISTRITO": "Belo Horizonte", "POINT_X": -43.937245154800003, "POINT_Y": -19.9279649313 }, "geometry": { "type": "Point", "coordinates": [ -43.937245154800003, -19.9279649313 ] } },
{ "type": "Feature", "properties": { "Bens_Tomba": "Arquivo Público Mineiro", "PROCESSO": "PTE004/1975", "CATEGORIA": "BI", "SUBCATEG": "edificação e acervo", "DESCRICAO": "Área delimitada em planta que inclui edificação, anexos, terreno e o acervo do arquivo", "ETAPA": "TOMBADO", "ATO_LEGAL": "Decreto 16.983, de 7 de fevereiro de 1975", "LIVRO": "II, III", "MUNICIPIO": "Belo Horizonte", "DISTRITO": "Belo Horizonte", "POINT_X": -43.937366333100002, "POINT_Y": -19.928312741399999 }, "geometry": { "type": "Point", "coordinates": [ -43.937366333100002, -19.928312741399999 ] } },
{ "type": "Feature", "properties": { "Bens_Tomba": "Igreja do Sagrado Coração de Jesus", "PROCESSO": "PTE005/1979", "CATEGORIA": "BI", "SUBCATEG": "edificação; templo", "DESCRICAO": "Área delimitada em planta que inclui edificação e o terreno em que se situa", "ETAPA": "TOMBADO", "ATO_LEGAL": "Decreto 19.953, de 6 de julho de 1979", "LIVRO": "I, III", "MUNICIPIO": "Belo Horizonte", "DISTRITO": "Belo Horizonte", "POINT_X": -43.931480672299998, "POINT_Y": -19.926985101100001 }, "geometry": { "type": "Point", "coordinates": [ -43.931480672299998, -19.926985101100001 ] } },
{ "type": "Feature", "properties": { "Bens_Tomba": "Catedral da Boa Viagem", "PROCESSO": "PTE007/1977", "CATEGORIA": "BI", "SUBCATEG": "edificação e acervo; templo", "DESCRICAO": "Área delimitada em planta que inclui edificação, praça, arborização e elementos artísticos descritos no processo de tombamento", "ETAPA": "TOMBADO", "ATO_LEGAL": "Decreto 18.531, de 2 de junho de 1977", "LIVRO": "I, II, III", "MUNICIPIO": "Belo Horizonte", "DISTRITO": "Belo Horizonte", "POINT_X": -43.934859821800003, "POINT_Y": -19.928565611 }, "geometry": { "type": "Point", "coordinates": [ -43.934859821800003, -19.928565611 ] } },
{ "type": "Feature", "properties": { "Bens_Tomba": "Conjunto arquitetônico e paisagístico da Pampulha", "PROCESSO": "PTE009/1984", "CATEGORIA": "CP", "SUBCATEG": "conjunto arquitetônico; jardim histórico; templo", "DESCRICAO": "Área delimitada em planta que inclui as edificações descritas no processo de tombamento", "ETAPA": "TOMBADO", "ATO_LEGAL": "Decreto 23.646, de 26 de junho de 1984", "LIVRO": "I, II, III, IV", "MUNICIPIO": "Belo Horizonte", "DISTRITO": "Belo Horizonte", "POINT_X": -43.979263383800003, "POINT_Y": -19.851451067599999 }, "geometry": { "type": "Point", "coordinates": [ -43.979263383800003, -19.851451067599999 ] } },
{ "type": "Feature", "properties": { "Bens_Tomba": "Conjunto arquitetônico e paisagístico da Pampulha - Casa do Baile", "PROCESSO": "PTE009/1984_A", "CATEGORIA": "BI", "SUBCATEG": "edificação", "DESCRICAO": "Edificação incluída no tombamento do Conjunto Arquitetônico e Paisagístico da Pampulha", "ETAPA": "TOMBADO", "ATO_LEGAL": "Decreto 23.646, de 26 de junho de 1984", "LIVRO": "I, II, III, IV", "MUNICIPIO": "Belo Horizonte", "DISTRITO": "Belo Horizonte", "POINT_X": -43.970031065999997, "POINT_Y": -19.854482654400002 }, "geometry": { "type": "Point", "coordinates": [ -43.970031066, -19.854482654400002 ] } },
{ "type": "Feature", "properties": { "Bens_Tomba": "Conjunto arquitetônico e paisagístico da Pampulha - Iate Tênis Clube", "PROCESSO": "PTE009/1984_B", "CATEGORIA": "BI", "SUBCATEG": "edificação", "DESCRICAO": "Edificação incluída no tombamento do Conjunto Arquitetônico e Paisagístico da Pampulha", "ETAPA": "TOMBADO", "ATO_LEGAL": "Decreto 23.646, de 26 de junho de 1984", "LIVRO": "I, II, III, IV", "MUNICIPIO": "Belo Horizonte", "DISTRITO": "Belo Horizonte", "POINT_X": -43.975730595900004, "POINT_Y": -19.854173282200001 }, "geometry": { "type": "Point", "coordinates": [ -43.975730595900004, -19.854173282200001 ] } },
{ "type": "Feature", "properties": { "Bens_Tomba": "Conjunto arquitetônico e paisagístico da Pampulha - Igreja São Francisco de Assis", "PROCESSO": "PTE009/1984_C", "CATEGORIA": "BI", "SUBCATEG": "edificação; templo", "DESCRICAO": "Edificação incluída no tombamento do Conjunto Arquitetônico e Paisagístico da Pampulha", "ETAPA": "TOMBADO", "ATO_LEGAL": "Decreto 23.646, de 26 de junho de 1984", "LIVRO": "I, II, III, IV", "MUNICIPIO": "Belo Horizonte", "DISTRITO": "Belo Horizonte", "POINT_X": -43.979025937599999, "POINT_Y": -19.858337349199999 }, "geometry": { "type": "Point", "coordinates": [ -43.979025937599999, -19.858337349199999 ] } },
{ "type": "Feature", "properties": { "Bens_Tomba": "Conjunto arquitetônico e paisagístico da Pampulha - Cassino", "PROCESSO": "PTE009/1984_D", "CATEGORIA": "BI", "SUBCATEG": "edificação", "DESCRICAO": "Edificação incluída no tombamento do Conjunto Arquitetônico e Paisagístico da Pampulha", "ETAPA": "TOMBADO", "ATO_LEGAL": "Decreto 23.646, de 26 de junho de 1984", "LIVRO": "I, II, III, IV", "MUNICIPIO": "Belo Horizonte", "DISTRITO": "Belo Horizonte", "POINT_X": -43.973776995000001, "POINT_Y": -19.8518157283 }, "geometry": { "type": "Point", "coordinates": [ -43.973776995, -19.8518157283 ] } },
{ "type": "Feature", "properties": { "Bens_Tomba": "Conjunto arquitetônico e paisagístico da Praça da Liberdade", "PROCESSO": "PTE010/1977", "CATEGORIA": "CP", "SUBCATEG": "conjunto arquitetônico; jardim histórico;", "DESCRICAO": "Área delimitada em planta que inclui os jardins, alamedas, lagos, hermas, fontes, monumentos e edificações da antiga administração pública descritas no processo de tombamento", "ETAPA": "TOMBADO", "ATO_LEGAL": "Decreto 18.531, de 2 de junho de 1977", "LIVRO": "I, II, III", "MUNICIPIO": "Belo Horizonte", "DISTRITO": "Belo Horizonte", "POINT_X": -43.938127381699999, "POINT_Y": -19.9320336603 }, "geometry": { "type": "Point", "coordinates": [ -43.938127381699999, -19.9320336603 ] } },
{ "type": "Feature", "properties": { "Bens_Tomba": "Conjunto Arquitetônico e Paisagístico da Praça da Liberdade - Prédio da antiga Secretaria da Educação", "PROCESSO": "PTE010/1977_A", "CATEGORIA": "BI", "SUBCATEG": "edificação", "DESCRICAO": "Edificação incluída no tombamento do Conjunto Arquitetônico e Paisagístico da Praça da Liberdade", "ETAPA": "TOMBADO", "ATO_LEGAL": "Decreto 18.531, de 02 de junho de 1977", "LIVRO": "I, II, III", "MUNICIPIO": "Belo Horizonte", "DISTRITO": "Belo Horizonte", "POINT_X": -43.938824349100003, "POINT_Y": -19.931758851800002 }, "geometry": { "type": "Point", "coordinates": [ -43.938824349100003, -19.931758851800002 ] } },
{ "type": "Feature", "properties": { "Bens_Tomba": "Conjunto Arquitetônico e Paisagístico da Praça da Liberdade - Prédio da antiga Secretaria da Fazenda", "PROCESSO": "PTE010/1977_B", "CATEGORIA": "BI", "SUBCATEG": "edificação", "DESCRICAO": "Edificação incluída no tombamento do Conjunto Arquitetônico e Paisagístico da Praça da Liberdade", "ETAPA": "TOMBADO", "ATO_LEGAL": "Decreto 18.531, de 02 de junho de 1977", "LIVRO": "I, II, III", "MUNICIPIO": "Belo Horizonte", "DISTRITO": "Belo Horizonte", "POINT_X": -43.938695425900001, "POINT_Y": -19.931236324099999 }, "geometry": { "type": "Point", "coordinates": [ -43.938695425900001, -19.931236324099999 ] } },
{ "type": "Feature", "properties": { "Bens_Tomba": "Conjunto Arquitetônico e Paisagístico da Praça da Liberdade - Prédio da antiga Secretaria da Segurança Pública e Interior", "PROCESSO": "PTE010/1977_C", "CATEGORIA": "BI", "SUBCATEG": "edificação", "DESCRICAO": "Edificação incluída no tombamento do Conjunto Arquitetônico e Paisagístico da Praça da Liberdade", "ETAPA": "TOMBADO", "ATO_LEGAL": "Decreto 18.531, de 02 de junho de 1977", "LIVRO": "I, II, III", "MUNICIPIO": "Belo Horizonte", "DISTRITO": "Belo Horizonte", "POINT_X": -43.937091259299997, "POINT_Y": -19.932275470899999 }, "geometry": { "type": "Point", "coordinates": [ -43.937091259299997, -19.932275470899999 ] } },
{ "type": "Feature", "properties": { "Bens_Tomba": "Conjunto Arquitetônico e Paisagístico da Praça da Liberdade - Prédio da antiga Secretaria da Viação e Obras Públicas", "PROCESSO": "PTE010/1977_D", "CATEGORIA": "BI", "SUBCATEG": "edificação", "DESCRICAO": "Edificação incluída no tombamento do Conjunto Arquitetônico e Paisagístico da Praça da Liberdade", "ETAPA": "TOMBADO", "ATO_LEGAL": "Decreto 18.531, de 02 de junho de 1977", "LIVRO": "I, II, III", "MUNICIPIO": "Belo Horizonte", "DISTRITO": "Belo Horizonte", "POINT_X": -43.936901915999997, "POINT_Y": -19.931713447700002 }, "geometry": { "type": "Point", "coordinates": [ -43.936901916, -19.931713447700002 ] } },
{ "type": "Feature", "properties": { "Bens_Tomba": "Conjunto Arquitetônico e Paisagístico da Praça da Liberdade - Prédio do antigo Palácio dos Despachos", "PROCESSO": "PTE010/1977_E", "CATEGORIA": "BI", "SUBCATEG": "edificação", "DESCRICAO": "Edificação incluída no tombamento do Conjunto Arquitetônico e Paisagístico da Praça da Liberdade", "ETAPA": "TOMBADO", "ATO_LEGAL": "Decreto 18.531, de 02 de junho de 1977", "LIVRO": "I, II, III", "MUNICIPIO": "Belo Horizonte", "DISTRITO": "Belo Horizonte", "POINT_X": -43.9396426944, "POINT_Y": -19.934458442099999 }, "geometry": { "type": "Point", "coordinates": [ -43.9396426944, -19.934458442099999 ] } },
{ "type": "Feature", "properties": { "Bens_Tomba": "Palácio da Justiça Rodrigues Campos", "PROCESSO": "PTE011/1977", "CATEGORIA": "BI", "SUBCATEG": "edificação e acervo", "DESCRICAO": "Área delimitada em planta que inclui a edificação, terreno e elementos artísticos descritos no processo de tombamento", "ETAPA": "TOMBADO", "ATO_LEGAL": "Decreto 18.641, de 10 de agosto de 1977", "LIVRO": "II, III", "MUNICIPIO": "Belo Horizonte", "DISTRITO": "Belo Horizonte", "POINT_X": -43.935286888299999, "POINT_Y": -19.925229678400001 }, "geometry": { "type": "Point", "coordinates": [ -43.935286888299999, -19.925229678400001 ] } },
{ "type": "Feature", "properties": { "Bens_Tomba": "Palácio da Liberdade", "PROCESSO": "PTE014/1975", "CATEGORIA": "BI", "SUBCATEG": "edificação e acervo; jardim histórico", "DESCRICAO": "Área delimitada em planta que inclui a edificação e sua área interna, elementos artísticos descritos no processo de tombamento, jardins, alamedas, fonte, orquidário, estatuetas e gradi", "ETAPA": "TOMBADO", "ATO_LEGAL": "Decreto 16.956, de 27 de janeiro de 1975", "LIVRO": "I, II, III", "MUNICIPIO": "Belo Horizonte", "DISTRITO": "Belo Horizonte", "POINT_X": -43.938433721300001, "POINT_Y": -19.933652914 }, "geometry": { "type": "Point", "coordinates": [ -43.938433721300001, -19.933652914 ] } },
{ "type": "Feature", "properties": { "Bens_Tomba": "Edifício do Necrotério do Cemitério do Bonfim", "PROCESSO": "PTE015/1977", "CATEGORIA": "BI", "SUBCATEG": "edificação", "DESCRICAO": "Edificação, quatros piras externas e passeios de pedra adjacentes", "ETAPA": "TOMBADO", "ATO_LEGAL": "Decreto 18.531, de 2 de junho de 1977", "LIVRO": "II", "MUNICIPIO": "Belo Horizonte", "DISTRITO": "Belo Horizonte", "POINT_X": -43.952215576299999, "POINT_Y": -19.911451090700002 }, "geometry": { "type": "Point", "coordinates": [ -43.952215576299999, -19.911451090700002 ] } },
{ "type": "Feature", "properties": { "Bens_Tomba": "Conjunto paisagístico do Parque Municipal", "PROCESSO": "PTE016/1975", "CATEGORIA": "CP", "SUBCATEG": "jardim histórico; conjunto arquitetônico", "DESCRICAO": "Área delimitada em planta", "ETAPA": "TOMBADO", "ATO_LEGAL": "Decreto 17.086, de 13 de março de 1975", "LIVRO": "I", "MUNICIPIO": "Belo Horizonte", "DISTRITO": "Belo Horizonte", "POINT_X": -43.933822683199999, "POINT_Y": -19.923602386599999 }, "geometry": { "type": "Point", "coordinates": [ -43.933822683199999, -19.923602386599999 ] } },
{ "type": "Feature", "properties": { "Bens_Tomba": "Prédio do antigo Conselho Deliberativo - Câmara Municipal de Belo Horizonte", "PROCESSO": "PTE017/1975", "CATEGORIA": "BI", "SUBCATEG": "edificação", "DESCRICAO": "Edificação", "ETAPA": "TOMBADO", "ATO_LEGAL": "Decreto 17.087, de 13 de março de 1975", "LIVRO": "II, III", "MUNICIPIO": "Belo Horizonte", "DISTRITO": "Belo Horizonte", "POINT_X": -43.937286870800001, "POINT_Y": -19.924878145099999 }, "geometry": { "type": "Point", "coordinates": [ -43.937286870800001, -19.924878145099999 ] } },
{ "type": "Feature", "properties": { "Bens_Tomba": "Fazenda Boa Esperança", "PROCESSO": "PTE018/1975", "CATEGORIA": "CP", "SUBCATEG": "conjunto rural", "DESCRICAO": "Área delimitada em planta que inclui o terreno da fazenda, a edificação principal, bens móveis e integrados descritos no processo de tombamento", "ETAPA": "TOMBADO", "ATO_LEGAL": "Decreto 17.009, de 27 de fevereiro de 1975", "LIVRO": "I, II, III", "MUNICIPIO": "Belo Vale", "DISTRITO": "Belo Vale", "POINT_X": -43.981196684300002, "POINT_Y": -20.412044078400001 }, "geometry": { "type": "Point", "coordinates": [ -43.981196684300002, -20.412044078400001 ] } },
{ "type": "Feature", "properties": { "Bens_Tomba": "Fazenda dos Martins", "PROCESSO": "PTE020/1977", "CATEGORIA": "BI", "SUBCATEG": "conjunto rural", "DESCRICAO": "Área delimitada em planta que inclui a edificação principal e sua área de ambientação", "ETAPA": "TOMBADO", "ATO_LEGAL": "Decreto 18.531, de 2 de junho de 1977", "LIVRO": "II", "MUNICIPIO": "Brumadinho", "DISTRITO": "Brumadinho", "POINT_X": -44.037927371400002, "POINT_Y": -20.263369480600002 }, "geometry": { "type": "Point", "coordinates": [ -44.037927371400002, -20.263369480600002 ] } },
{ "type": "Feature", "properties": { "Bens_Tomba": "Casa de João Pinheiro", "PROCESSO": "PTE021/1980", "CATEGORIA": "BI", "SUBCATEG": "edificação", "DESCRICAO": "Área delimitada em planta que inclui a edificação", "ETAPA": "TOMBADO", "ATO_LEGAL": "Decreto 20.582, de 26 de maio de 1980", "LIVRO": "I, III", "MUNICIPIO": "Caeté", "DISTRITO": "Caeté", "POINT_X": -43.6667232621, "POINT_Y": -19.904121267099999 }, "geometry": { "type": "Point", "coordinates": [ -43.6667232621, -19.904121267099999 ] } },
{ "type": "Feature", "properties": { "Bens_Tomba": "Igreja de Santa Isabel da Hungria", "PROCESSO": "PTE022/1978", "CATEGORIA": "BI", "SUBCATEG": "edificação e acervo; templo", "DESCRICAO": "Edificação e elementos artísticos descritos no processo de tombamento", "ETAPA": "TOMBADO", "ATO_LEGAL": "Decreto 19.513, de 26 de outubro de 1978", "LIVRO": "III", "MUNICIPIO": "Caxambu", "DISTRITO": "Caxambu", "POINT_X": -44.936671477099999, "POINT_Y": -21.977174069699998 }, "geometry": { "type": "Point", "coordinates": [ -44.936671477099999, -21.977174069699998 ] } },
{ "type": "Feature", "properties": { "Bens_Tomba": "Capela de Nossa Senhora do Rosário", "PROCESSO": "PTE023/1980", "CATEGORIA": "BI", "SUBCATEG": "edificação e acervo; templo", "DESCRICAO": "Área delimitada em planta que inclui a edificação e elementos artíticos descritos no processo de tombamento", "ETAPA": "TOMBADO", "ATO_LEGAL": "Decreto 20.689, de 23 de julho de 1980", "LIVRO": "II", "MUNICIPIO": "Chapada do Norte", "DISTRITO": "Chapada do Norte", "POINT_X": -42.538738060100002, "POINT_Y": -17.092172466299999 }, "geometry": { "type": "Point", "coordinates": [ -42.538738060100002, -17.092172466299999 ] } },
{ "type": "Feature", "properties": { "Bens_Tomba": "Capela do Senhor Bom Jesus da Lapa", "PROCESSO": "PTE024/1981", "CATEGORIA": "BI", "SUBCATEG": "edificação e acervo; templo", "DESCRICAO": "Área delimitada em planta que inclui a edificação e elementos artísticos descritos no processo de tombamento", "ETAPA": "TOMBADO", "ATO_LEGAL": "Decreto 21.217, de 20 de fevereiro de 1981", "LIVRO": "II", "MUNICIPIO": "Chapada do Norte", "DISTRITO": "Chapada do Norte", "POINT_X": -42.538167267600002, "POINT_Y": -17.090309168099999 }, "geometry": { "type": "Point", "coordinates": [ -42.538167267600002, -17.090309168099999 ] } },
{ "type": "Feature", "properties": { "Bens_Tomba": "Capela do Senhor dos Passos", "PROCESSO": "PTE025/1985", "CATEGORIA": "BI", "SUBCATEG": "edificação; templo", "DESCRICAO": "Área delimitada em planta que inclui a edificação", "ETAPA": "TOMBADO", "ATO_LEGAL": "Decreto 24.329, de 22 de março de 1985", "LIVRO": "II", "MUNICIPIO": "Conceição do Mato Dentro", "DISTRITO": "Córregos", "POINT_X": -43.500326261600001, "POINT_Y": -18.890377772000001 }, "geometry": { "type": "Point", "coordinates": [ -43.500326261600001, -18.890377772 ] } },
{ "type": "Feature", "properties": { "Bens_Tomba": "Igreja Matriz de Nossa Senhora Aparecida", "PROCESSO": "PTE026/1985", "CATEGORIA": "BI", "SUBCATEG": "edificação e acervo; templo", "DESCRICAO": "Área delimitada em planta que inclui a edificação e elementos artísticos descritos no processo de tombamento", "ETAPA": "TOMBADO", "ATO_LEGAL": "Decreto 24.323, de 22 de março de 1985", "LIVRO": "II", "MUNICIPIO": "Conceição do Mato Dentro", "DISTRITO": "Córregos", "POINT_X": -43.500828094100001, "POINT_Y": -18.8848150281 }, "geometry": { "type": "Point", "coordinates": [ -43.500828094100001, -18.8848150281 ] } },
{ "type": "Feature", "properties": { "Bens_Tomba": "Igreja de Santo Antônio", "PROCESSO": "PTE027/1985", "CATEGORIA": "BI", "SUBCATEG": "edificação e acervo; templo", "DESCRICAO": "Área delimitada em planta que inclui a edificação, entorno e elementos artísticos descritos no processo de tombamento", "ETAPA": "TOMBADO", "ATO_LEGAL": "Decreto 24.330, de 22 de março de 1985", "LIVRO": "I, II, III", "MUNICIPIO": "Conceição do Mato Dentro", "DISTRITO": "Santo Antônio do Norte", "POINT_X": -43.512086982900001, "POINT_Y": -18.807124549000001 }, "geometry": { "type": "Point", "coordinates": [ -43.512086982900001, -18.807124549 ] } },
{ "type": "Feature", "properties": { "Bens_Tomba": "Romarias", "PROCESSO": "PTE028/1981", "CATEGORIA": "CP", "SUBCATEG": "edificação", "DESCRICAO": "Área delimitada em planta que inclui dois torreões do antigo abrigo dos romeiros", "ETAPA": "TOMBADO", "ATO_LEGAL": "Decreto 21.178, de 8 de janeiro de 1981", "LIVRO": "I", "MUNICIPIO": "Congonhas", "DISTRITO": "Congonhas", "POINT_X": -43.862744488300002, "POINT_Y": -20.506570055099999 }, "geometry": { "type": "Point", "coordinates": [ -43.862744488300002, -20.506570055099999 ] } },
{ "type": "Feature", "properties": { "Bens_Tomba": "Capela de Nossa Senhora da Soledade", "PROCESSO": "PTE029/1978", "CATEGORIA": "BI", "SUBCATEG": "edificação; templo", "DESCRICAO": "Edificação", "ETAPA": "TOMBADO", "ATO_LEGAL": "Decreto 19.113, de 28 de março de 1978", "LIVRO": "II", "MUNICIPIO": "Congonhas", "DISTRITO": "Lobo Leite", "POINT_X": -43.800570908099999, "POINT_Y": -20.520389341600001 }, "geometry": { "type": "Point", "coordinates": [ -43.800570908099999, -20.520389341600001 ] } },
{ "type": "Feature", "properties": { "Bens_Tomba": "Igreja Matriz de Sant'Ana", "PROCESSO": "PTE030/1985", "CATEGORIA": "BI", "SUBCATEG": "edificação e acervo; templo", "DESCRICAO": "Área delimitada em planta que inlcui a edificação e elementos artísticos descritos no processo de tombamento", "ETAPA": "TOMBADO", "ATO_LEGAL": "Decreto 24.325, de 22 de março de 1985", "LIVRO": "II, III", "MUNICIPIO": "Congonhas do Norte", "DISTRITO": "Congonhas do Norte", "POINT_X": -43.680568448199999, "POINT_Y": -18.807822109899998 }, "geometry": { "type": "Point", "coordinates": [ -43.680568448199999, -18.807822109899998 ] } },
{ "type": "Feature", "properties": { "Bens_Tomba": "Capela de Nossa Senhora da Conceição", "PROCESSO": "PTE031/1977", "CATEGORIA": "BI", "SUBCATEG": "edificação e acervo; templo", "DESCRICAO": "Área delimitada em planta que inclui a edificação, forro e elementos artísticos descritos no processo de tombamento", "ETAPA": "TOMBADO", "ATO_LEGAL": "Decreto 18.531, de 2 de junho de 1977", "LIVRO": "II", "MUNICIPIO": "Couto de Magalhães de Minas", "DISTRITO": "Couto de Magalhães de Minas", "POINT_X": -43.475757517200002, "POINT_Y": -18.080267148200001 }, "geometry": { "type": "Point", "coordinates": [ -43.475757517200002, -18.080267148200001 ] } },
{ "type": "Feature", "properties": { "Bens_Tomba": "Igreja do Senhor Bom Jesus de Matozinhos", "PROCESSO": "PTE032/1977", "CATEGORIA": "BI", "SUBCATEG": "edificação e acervo; templo", "DESCRICAO": "Edificação e elementos artísticos descritos no processo de tombamento", "ETAPA": "TOMBADO", "ATO_LEGAL": "Decreto 18.531, de 2 de junho de 1977", "LIVRO": "II", "MUNICIPIO": "Couto de Magalhães de Minas", "DISTRITO": "Couto de Magalhães de Minas", "POINT_X": -43.471758019799999, "POINT_Y": -18.07224604 }, "geometry": { "type": "Point", "coordinates": [ -43.471758019799999, -18.07224604 ] } },
{ "type": "Feature", "properties": { "Bens_Tomba": "Fazenda dos Macacos", "PROCESSO": "PTE033/1977", "CATEGORIA": "BI", "SUBCATEG": "conjunto rural", "DESCRICAO": "Edificação e dependências", "ETAPA": "TOMBADO", "ATO_LEGAL": "Decreto 18.531, de 2 de junho de 1977", "LIVRO": "III", "MUNICIPIO": "Conselheiro Lafaiete", "DISTRITO": "Buarque de Macedo", "POINT_X": -43.806793926200001, "POINT_Y": -20.758900987600001 }, "geometry": { "type": "Point", "coordinates": [ -43.806793926200001, -20.758900987600001 ] } },
{ "type": "Feature", "properties": { "Bens_Tomba": "Igreja do Santíssimo Sacramento", "PROCESSO": "PTE034/1979", "CATEGORIA": "BI", "SUBCATEG": "edificação e acervo; templo", "DESCRICAO": "Área delimitada em planta que inclui a edificação e elementos artísticos descritos no processo de tombamento", "ETAPA": "TOMBADO", "ATO_LEGAL": "Decreto 19.872, de 20 de março de 1979", "LIVRO": "II, III", "MUNICIPIO": "Jequitibá", "DISTRITO": "Jequitibá", "POINT_X": -44.027877141700003, "POINT_Y": -19.234957619399999 }, "geometry": { "type": "Point", "coordinates": [ -44.027877141700003, -19.234957619399999 ] } },
{ "type": "Feature", "properties": { "Bens_Tomba": "Ruínas da Igreja do Bom Jesus de Matozinhos", "PROCESSO": "PTE035/1985", "CATEGORIA": "BI", "SUBCATEG": "edificação; templo; ruina", "DESCRICAO": "Edificação", "ETAPA": "TOMBADO", "ATO_LEGAL": "Decreto 24.324, de 22 de março de 1985", "LIVRO": "II", "MUNICIPIO": "Várzea da Palma", "DISTRITO": "Guaicuí", "POINT_X": -44.821070991699997, "POINT_Y": -17.205198194400001 }, "geometry": { "type": "Point", "coordinates": [ -44.821070991699997, -17.205198194400001 ] } },
{ "type": "Feature", "properties": { "Bens_Tomba": "Fórum de Oliveira", "PROCESSO": "PTE037/1978", "CATEGORIA": "BI", "SUBCATEG": "edificação", "DESCRICAO": "Área delimitada em planta que inclui a edificação e terreno em que se situa", "ETAPA": "TOMBADO", "ATO_LEGAL": "Decreto 19.112, de 28 de março de 1978", "LIVRO": "III", "MUNICIPIO": "Oliveira", "DISTRITO": "Oliveira", "POINT_X": -44.827799589800001, "POINT_Y": -20.697257510099998 }, "geometry": { "type": "Point", "coordinates": [ -44.827799589800001, -20.697257510099998 ] } },
{ "type": "Feature", "properties": { "Bens_Tomba": "Serra do Ouro Branco", "PROCESSO": "PTE038/1978", "CATEGORIA": "CP", "SUBCATEG": "patrimônio natural", "DESCRICAO": "Área delimitada em planta", "ETAPA": "TOMBADO", "ATO_LEGAL": "Decreto 19.530, de 7 de novembro de 1978", "LIVRO": "I", "MUNICIPIO": "Ouro Branco", "DISTRITO": "Ouro Branco", "POINT_X": -43.685659539100001, "POINT_Y": -20.500861171299999 }, "geometry": { "type": "Point", "coordinates": [ -43.685659539100001, -20.500861171299999 ] } },
{ "type": "Feature", "properties": { "Bens_Tomba": "Conjunto histórico da Capela de Nossa Senhora do Rosário e Quinta do Sumidouro", "PROCESSO": "PTE039/1976", "CATEGORIA": "CP", "SUBCATEG": "conjunto arquitetônico; templo", "DESCRICAO": "Área delimitada em planta que inclui as edificações descritas no processo de tombamento", "ETAPA": "TOMBADO", "ATO_LEGAL": "Decreto 17.729 de 27 de janeiro de 1976", "LIVRO": "II, III", "MUNICIPIO": "Pedro Leopoldo", "DISTRITO": "Fidalgo", "POINT_X": -43.932093561199999, "POINT_Y": -19.536154506700001 }, "geometry": { "type": "Point", "coordinates": [ -43.932093561199999, -19.536154506700001 ] } },
{ "type": "Feature", "properties": { "Bens_Tomba": "Capela de Nossa Senhora do Rosário", "PROCESSO": "PTE040/1978_A", "CATEGORIA": "BI", "SUBCATEG": "edificação e acervo; templo", "DESCRICAO": "Área delimitada em planta que incluir a edificação, elementos artísticos descritos no processo de tombamento e o cruzeiro", "ETAPA": "TOMBADO", "ATO_LEGAL": "Decreto 19.463, de 16 de outubro de 1978", "LIVRO": "II", "MUNICIPIO": "Sabará", "DISTRITO": "Mestre Caetano", "POINT_X": -43.738706074200003, "POINT_Y": -19.865238915599999 }, "geometry": { "type": "Point", "coordinates": [ -43.738706074200003, -19.865238915599999 ] } },
{ "type": "Feature", "properties": { "Bens_Tomba": "Capela de Santa Efigênia", "PROCESSO": "PTE040/1978_B", "CATEGORIA": "BI", "SUBCATEG": "edificação; templo", "DESCRICAO": "Área delimitada em planta que inclui a edificação e o cruzeiro", "ETAPA": "TOMBADO", "ATO_LEGAL": "Decreto 19.463, de 16 de outubro de 1978", "LIVRO": "II", "MUNICIPIO": "Sabará", "DISTRITO": "Mestre Caetano", "POINT_X": -43.741160655000002, "POINT_Y": -19.8640454361 }, "geometry": { "type": "Point", "coordinates": [ -43.741160655, -19.8640454361 ] } },
{ "type": "Feature", "properties": { "Bens_Tomba": "Conjunto arquitetônico e paisagístico da Igreja de Nossa Senhora da Lapa", "PROCESSO": "PTE041/1977", "CATEGORIA": "CP", "SUBCATEG": "edificação; templo", "DESCRICAO": "Área delimitada em planta que inclui a edificação, o adro e o cruzeiro", "ETAPA": "TOMBADO", "ATO_LEGAL": "Decreto 18.531, de 2 de junho de 1977", "LIVRO": "I, II", "MUNICIPIO": "Sabará", "DISTRITO": "Ravena", "POINT_X": -43.753007980100001, "POINT_Y": -19.7872764006 }, "geometry": { "type": "Point", "coordinates": [ -43.753007980100001, -19.7872764006 ] } },
{ "type": "Feature", "properties": { "Bens_Tomba": "Capela de Nossa Senhora da Ajuda", "PROCESSO": "PTE042/1978", "CATEGORIA": "BI", "SUBCATEG": "edificação; templo", "DESCRICAO": "Edificação", "ETAPA": "TOMBADO", "ATO_LEGAL": "Decreto 19.114, de 28 de março de 1978", "LIVRO": "II", "MUNICIPIO": "Congonhas", "DISTRITO": "Alto Maranhão", "POINT_X": -43.853602993899997, "POINT_Y": -20.561227179799999 }, "geometry": { "type": "Point", "coordinates": [ -43.853602993899997, -20.561227179799999 ] } },
{ "type": "Feature", "properties": { "Bens_Tomba": "Basílica de Santa Luzia do Rio das Velhas", "PROCESSO": "PTE043/1976", "CATEGORIA": "BI", "SUBCATEG": "edificação; templo", "DESCRICAO": "Área delimitada em planta que inclui a edificação Área delimitada em planta que inclui a edificação", "ETAPA": "TOMBADO", "ATO_LEGAL": "Decreto 17.779, de 9 de março de 1976", "LIVRO": "II", "MUNICIPIO": "Santa Luzia", "DISTRITO": "Santa Luzia", "POINT_X": -43.850684543699998, "POINT_Y": -19.770538888699999 }, "geometry": { "type": "Point", "coordinates": [ -43.850684543699998, -19.770538888699999 ] } },
{ "type": "Feature", "properties": { "Bens_Tomba": "Casa da Rua Direita, nº 101", "PROCESSO": "PTE044/1977", "CATEGORIA": "BI", "SUBCATEG": "edificação", "DESCRICAO": "Área delimitada em planta que inclui a edificação", "ETAPA": "TOMBADO", "ATO_LEGAL": "Decreto 18.531, de 2 de junho de 1977", "LIVRO": "III", "MUNICIPIO": "Santa Luzia", "DISTRITO": "Santa Luzia", "POINT_X": -43.856265480899999, "POINT_Y": -19.767908196299999 }, "geometry": { "type": "Point", "coordinates": [ -43.856265480899999, -19.767908196299999 ] } },
{ "type": "Feature", "properties": { "Bens_Tomba": "Mosteiro de Macaúbas", "PROCESSO": "PTE045/1978", "CATEGORIA": "BI", "SUBCATEG": "conjunto arquitetônico; templo; acervo", "DESCRICAO": "Área delimitada em planta que inclui a edificação principal, capelas, elementos artísticos descritos no processo de tombamento, pátios, cemitério e cruzeiro", "ETAPA": "TOMBADO", "ATO_LEGAL": "Decreto 19.347, de 22 de agosto de 1978", "LIVRO": "I, II, III", "MUNICIPIO": "Santa Luzia", "DISTRITO": "Santa Luzia", "POINT_X": -43.796128008099998, "POINT_Y": -19.6812422044 }, "geometry": { "type": "Point", "coordinates": [ -43.796128008099998, -19.6812422044 ] } },
{ "type": "Feature", "properties": { "Bens_Tomba": "Conjunto arquitetônico e paisagístico da Fazenda da Posse", "PROCESSO": "PTE046/1975", "CATEGORIA": "CP", "SUBCATEG": "conjunto rural", "DESCRICAO": "Área delimitada em planta que inclui a edificação principal e área de 500 m² ao seu redor", "ETAPA": "TOMBADO", "ATO_LEGAL": "Decreto 16.965, de 30 de janeiro de 1975", "LIVRO": "II", "MUNICIPIO": "Santana dos Montes", "DISTRITO": "Santana dos Montes", "POINT_X": -43.709010789399997, "POINT_Y": -20.800668855200001 }, "geometry": { "type": "Point", "coordinates": [ -43.709010789399997, -20.800668855200001 ] } },
{ "type": "Feature", "properties": { "Bens_Tomba": "Parque Cabangu", "PROCESSO": "PTE047/1978", "CATEGORIA": "CP", "SUBCATEG": "conjunto arquitetônico; acervo", "DESCRICAO": "Área delimitada em planta que inclui espelho dágua, jardins, arvoredos, passarelas e edificações e elementos artísticos descritos no processo de tombamento", "ETAPA": "TOMBADO", "ATO_LEGAL": "Decreto 19.482, de 24 de outubro de 1978", "LIVRO": "I, III", "MUNICIPIO": "Santos Dumont", "DISTRITO": "Mantiqueira", "POINT_X": -43.674483655899998, "POINT_Y": -21.425117755700001 }, "geometry": { "type": "Point", "coordinates": [ -43.674483655899998, -21.425117755700001 ] } },
{ "type": "Feature", "properties": { "Bens_Tomba": "Lagoa e Lapa do Sumidouro", "PROCESSO": "PTE049/1977", "CATEGORIA": "CP", "SUBCATEG": "sítio arqueológico; patrimônio natural", "DESCRICAO": "Área delimitada em planta Área delimitada em planta", "ETAPA": "TOMBADO", "ATO_LEGAL": "Decreto 18.531, de 2 de junho de 1977", "LIVRO": "I", "MUNICIPIO": "Lagoa Santa; Pedro Leopoldo", "DISTRITO": "Lapinha; Fidalgo", "POINT_X": -43.941574162000002, "POINT_Y": -19.540425943799999 }, "geometry": { "type": "Point", "coordinates": [ -43.941574162, -19.540425943799999 ] } },
{ "type": "Feature", "properties": { "Bens_Tomba": "Monumento Comemorativo do Centenário da Independência Nacional", "PROCESSO": "PTE050/1977", "CATEGORIA": "BI", "SUBCATEG": "estrutura ou equipamento urbano; monumento", "DESCRICAO": "Monumento e quatro placas de bronze contendo inscrições", "ETAPA": "TOMBADO", "ATO_LEGAL": "Decreto 18.531, de 2 de junho de 1977", "LIVRO": "III", "MUNICIPIO": "Belo Horizonte", "DISTRITO": "Belo Horizonte", "POINT_X": -43.938621230899997, "POINT_Y": -19.9191183139 }, "geometry": { "type": "Point", "coordinates": [ -43.938621230899997, -19.9191183139 ] } },
{ "type": "Feature", "properties": { "Bens_Tomba": "Vapor Benjamin Guimarães", "PROCESSO": "PTE051/1985", "CATEGORIA": "BM", "SUBCATEG": "Bem móvel ou integrado; embarcação", "DESCRICAO": "Vapor Benjamin Guimarães", "ETAPA": "TOMBADO", "ATO_LEGAL": "Decreto 24.840 de 1° de agosto de 1985", "LIVRO": "I", "MUNICIPIO": "Pirapora", "DISTRITO": "Pirapora", "POINT_X": -44.953588662900003, "POINT_Y": -17.339308247000002 }, "geometry": { "type": "Point", "coordinates": [ -44.953588662900003, -17.339308247 ] } },
{ "type": "Feature", "properties": { "Bens_Tomba": "Igreja Matriz de Nossa Senhora dos Prazeres", "PROCESSO": "PTE053/1980", "CATEGORIA": "BI", "SUBCATEG": "edificação; templo", "DESCRICAO": "Área delimitada em planta que inclui a edificação, o arrimo e a torre sineira", "ETAPA": "TOMBADO", "ATO_LEGAL": "Decreto 20.581, de 26 de maio de 1980", "LIVRO": "II", "MUNICIPIO": "Serro", "DISTRITO": "Milho Verde", "POINT_X": -43.499395199799999, "POINT_Y": -18.4694610934 }, "geometry": { "type": "Point", "coordinates": [ -43.499395199799999, -18.4694610934 ] } },
{ "type": "Feature", "properties": { "Bens_Tomba": "Igreja Matriz de São Gonçalo", "PROCESSO": "PTE054/1980", "CATEGORIA": "BI", "SUBCATEG": "edificação; templo", "DESCRICAO": "Área delimitada em planta que inclui a edificação", "ETAPA": "TOMBADO", "ATO_LEGAL": "Decreto 20.581, de 26 de maio de 1980", "LIVRO": "I, II", "MUNICIPIO": "Serro", "DISTRITO": "Sao Gonçalo do Rio das Pedras", "POINT_X": -43.494744816299999, "POINT_Y": -18.415032068199999 }, "geometry": { "type": "Point", "coordinates": [ -43.494744816299999, -18.415032068199999 ] } },
{ "type": "Feature", "properties": { "Bens_Tomba": "Centro histórico de Santa Bárbara", "PROCESSO": "PTE055/1989", "CATEGORIA": "CH", "SUBCATEG": "conjunto urbano; templo; ferrovia", "DESCRICAO": "Área delimitada em planta que inclui as edificações descritas no processo de tombamento", "ETAPA": "TOMBADO", "ATO_LEGAL": "Decreto 29.399, de 21 de abril de 1989", "LIVRO": "I, II, III, IV", "MUNICIPIO": "Santa Bárbara", "DISTRITO": "Santa Bárbara", "POINT_X": -43.416135302900003, "POINT_Y": -19.960082379100001 }, "geometry": { "type": "Point", "coordinates": [ -43.416135302900003, -19.960082379100001 ] } },
{ "type": "Feature", "properties": { "Bens_Tomba": "Centro histórico de Santa Bárbara - Igreja de Nossa Senhora do Rosário", "PROCESSO": "PTE055/1989_A", "CATEGORIA": "BI", "SUBCATEG": "edificação; templo", "DESCRICAO": "Edificação incluída no tombamento do Centro Histórico de Santa Bárbara", "ETAPA": "TOMBADO", "ATO_LEGAL": "Decreto 29.399, de 21 de abril de 1989", "LIVRO": "I, II, III, IV", "MUNICIPIO": "Santa Bárbara", "DISTRITO": "Santa Bárbara", "POINT_X": -43.415476464999998, "POINT_Y": -19.960149192399999 }, "geometry": { "type": "Point", "coordinates": [ -43.415476465, -19.960149192399999 ] } },
{ "type": "Feature", "properties": { "Bens_Tomba": "Centro histórico de Santa Bárbara - Capela da Arquiconfraria do Cordão de São Francisco", "PROCESSO": "PTE055/1989_B", "CATEGORIA": "BI", "SUBCATEG": "edificação; templo", "DESCRICAO": "Edificação incluída no tombamento do Centro Histórico de Santa Bárbara", "ETAPA": "TOMBADO", "ATO_LEGAL": "Decreto 29.399, de 21 de abril de 1989", "LIVRO": "I, II, III, IV", "MUNICIPIO": "Santa Bárbara", "DISTRITO": "Santa Bárbara", "POINT_X": -43.415376487300001, "POINT_Y": -19.9673760041 }, "geometry": { "type": "Point", "coordinates": [ -43.415376487300001, -19.9673760041 ] } },
{ "type": "Feature", "properties": { "Bens_Tomba": "Centro histórico de Santa Bárbara - Capela do Bonfim", "PROCESSO": "PTE055/1989_C", "CATEGORIA": "BI", "SUBCATEG": "edificação; templo", "DESCRICAO": "Edificação incluída no tombamento do Centro Histórico de Santa Bárbara", "ETAPA": "TOMBADO", "ATO_LEGAL": "Decreto 29.399, de 21 de abril de 1989", "LIVRO": "I, II, III, IV", "MUNICIPIO": "Santa Bárbara", "DISTRITO": "Santa Bárbara", "POINT_X": -43.416419756700002, "POINT_Y": -19.962936595199999 }, "geometry": { "type": "Point", "coordinates": [ -43.416419756700002, -19.962936595199999 ] } },
{ "type": "Feature", "properties": { "Bens_Tomba": "Centro histórico de Santa Bárbara - Igreja de Nossa Senhora das Merces", "PROCESSO": "PTE055/1989_D", "CATEGORIA": "BI", "SUBCATEG": "edificação; templo", "DESCRICAO": "Edificação incluída no tombamento do Centro Histórico de Santa Bárbara", "ETAPA": "TOMBADO", "ATO_LEGAL": "Decreto 29.399, de 21 de abril de 1989", "LIVRO": "I, II, III, IV", "MUNICIPIO": "Santa Bárbara", "DISTRITO": "Santa Bárbara", "POINT_X": -43.414496463799999, "POINT_Y": -19.9559994966 }, "geometry": { "type": "Point", "coordinates": [ -43.414496463799999, -19.9559994966 ] } },
{ "type": "Feature", "properties": { "Bens_Tomba": "Centro histórico de Santa Bárbara - Ruínas do Hospital Velho", "PROCESSO": "PTE055/1989_E", "CATEGORIA": "BI", "SUBCATEG": "edificação; estrutura ou equipamento urbano; hospital; sítio arqueológico", "DESCRICAO": "Edificação incluída no tombamento do Centro Histórico de Santa Bárbara", "ETAPA": "TOMBADO", "ATO_LEGAL": "Decreto 29.399, de 21 de abril de 1989", "LIVRO": "I, II, III, IV", "MUNICIPIO": "Santa Bárbara", "DISTRITO": "Santa Bárbara", "POINT_X": -43.419232068900001, "POINT_Y": -19.967845650800001 }, "geometry": { "type": "Point", "coordinates": [ -43.419232068900001, -19.967845650800001 ] } },
{ "type": "Feature", "properties": { "Bens_Tomba": "Centro histórico de Santa Bárbara - Casa Natal de Afonso Pena", "PROCESSO": "PTE055/1989_F", "CATEGORIA": "BI", "SUBCATEG": "edificação", "DESCRICAO": "Edificação incluída no tombamento do Centro Histórico de Santa Bárbara", "ETAPA": "TOMBADO", "ATO_LEGAL": "Decreto 29.399, de 21 de abril de 1989", "LIVRO": "I, II, III, IV", "MUNICIPIO": "Santa Bárbara", "DISTRITO": "Santa Bárbara", "POINT_X": -43.41733637, "POINT_Y": -19.961161937 }, "geometry": { "type": "Point", "coordinates": [ -43.41733637, -19.961161937 ] } },
{ "type": "Feature", "properties": { "Bens_Tomba": "Centro histórico de Catas Altas", "PROCESSO": "PTE056/1989", "CATEGORIA": "CH", "SUBCATEG": "conjunto urbano; templo", "DESCRICAO": "Área delimitada em planta que inclui as edificações descritas no processo de tombamento", "ETAPA": "TOMBADO", "ATO_LEGAL": "Decreto 29.399, de 21 de abril de 1989", "LIVRO": "I, II", "MUNICIPIO": "Catas Altas", "DISTRITO": "Catas Altas", "POINT_X": -43.408251963700003, "POINT_Y": -20.074854719299999 }, "geometry": { "type": "Point", "coordinates": [ -43.408251963700003, -20.074854719299999 ] } },
{ "type": "Feature", "properties": { "Bens_Tomba": "Centro histórico de Brumal", "PROCESSO": "PTE057/1989", "CATEGORIA": "CH", "SUBCATEG": "conjunto urbano; templo", "DESCRICAO": "Área delimitada em planta que inclui edificações descritas no processo de tombamento", "ETAPA": "TOMBADO", "ATO_LEGAL": "Decreto 29.399, de 21 de abril de 1989", "LIVRO": "I, II", "MUNICIPIO": "Santa Bárbara", "DISTRITO": "Brumal", "POINT_X": -43.456085834900001, "POINT_Y": -19.990281083700001 }, "geometry": { "type": "Point", "coordinates": [ -43.456085834900001, -19.990281083700001 ] } },
{ "type": "Feature", "properties": { "Bens_Tomba": "Igreja de Nossa Senhora do Rosário", "PROCESSO": "PTE058/1984_A", "CATEGORIA": "BI", "SUBCATEG": "edificação; templo", "DESCRICAO": "Edificação", "ETAPA": "TOMBADO", "ATO_LEGAL": "Decreto 23.810, de 14 de agosto de 1984", "LIVRO": "III", "MUNICIPIO": "Sacramento", "DISTRITO": "Desemboque", "POINT_X": -47.021429154899998, "POINT_Y": -20.018267846400001 }, "geometry": { "type": "Point", "coordinates": [ -47.021429154899998, -20.018267846400001 ] } },
{ "type": "Feature", "properties": { "Bens_Tomba": "Igreja Matriz de Nossa Senhora do Desterro", "PROCESSO": "PTE058/1984_B", "CATEGORIA": "BI", "SUBCATEG": "edificação; templo", "DESCRICAO": "Edificação", "ETAPA": "TOMBADO", "ATO_LEGAL": "Decreto 23.810, de 14 de agosto de 1984", "LIVRO": "III", "MUNICIPIO": "Sacramento", "DISTRITO": "Desemboque", "POINT_X": -47.021016747399997, "POINT_Y": -20.0147387592 }, "geometry": { "type": "Point", "coordinates": [ -47.021016747399997, -20.0147387592 ] } },
{ "type": "Feature", "properties": { "Bens_Tomba": "Ponte Marechal Hermes", "PROCESSO": "PTE059/1985", "CATEGORIA": "BI", "SUBCATEG": "estrutura ou equipamento urbano; ferrovia", "DESCRICAO": "Ponte da estrada de ferro", "ETAPA": "TOMBADO", "ATO_LEGAL": "Decreto 24.327, de 22 de março de 1985", "LIVRO": "II", "MUNICIPIO": "Pirapora; Buritizeiro", "DISTRITO": "Pirapora; Buritizeiro", "POINT_X": -44.950979261900002, "POINT_Y": -17.3582600754 }, "geometry": { "type": "Point", "coordinates": [ -44.950979261900002, -17.3582600754 ] } },
{ "type": "Feature", "properties": { "Bens_Tomba": "Igreja Matriz de São Francisco de Assis", "PROCESSO": "PTE060/1980", "CATEGORIA": "BI", "SUBCATEG": "edificação e acervo; templo", "DESCRICAO": "Área delimitada em planta que inclui a edificação", "ETAPA": "TOMBADO", "ATO_LEGAL": "Decreto 20557, de 13 de maio de 1980", "LIVRO": "II", "MUNICIPIO": "Minas Novas", "DISTRITO": "Minas Novas", "POINT_X": -42.594200780400001, "POINT_Y": -17.216284362100001 }, "geometry": { "type": "Point", "coordinates": [ -42.594200780400001, -17.216284362100001 ] } },
{ "type": "Feature", "properties": { "Bens_Tomba": "Capela de São Gonçalo", "PROCESSO": "PTE061/1980", "CATEGORIA": "BI", "SUBCATEG": "edificação e acervo; templo", "DESCRICAO": "Área delimitada em planta que inclui a edificação", "ETAPA": "TOMBADO", "ATO_LEGAL": "Decreto 20.557, de 13 de maio de 1980", "LIVRO": "III", "MUNICIPIO": "Minas Novas", "DISTRITO": "Minas Novas", "POINT_X": -42.597670381100002, "POINT_Y": -17.217260401699999 }, "geometry": { "type": "Point", "coordinates": [ -42.597670381100002, -17.217260401699999 ] } },
{ "type": "Feature", "properties": { "Bens_Tomba": "Conjunto arquitetônico e paisagístico da Fazenda da Jaguara", "PROCESSO": "PTE062/1996", "CATEGORIA": "CP", "SUBCATEG": "conjunto rural; templo", "DESCRICAO": "Área delimitada em planta que inclui as edificações descritas no processo de tombamento, pomar, igreja e seu adro", "ETAPA": "TOMBADO", "ATO_LEGAL": "Homologação SEC de 12 de janeiro de 1996", "LIVRO": "I, III", "MUNICIPIO": "Matozinhos", "DISTRITO": "Matozinhos", "POINT_X": -43.9616496453, "POINT_Y": -19.460100450199999 }, "geometry": { "type": "Point", "coordinates": [ -43.9616496453, -19.460100450199999 ] } },
{ "type": "Feature", "properties": { "Bens_Tomba": "Igreja Matriz de Santo Antônio", "PROCESSO": "PTE063/1977", "CATEGORIA": "BI", "SUBCATEG": "edificação; templo", "DESCRICAO": "Área delimitada em planta que inlcui a edificação e o adro", "ETAPA": "TOMBADO", "ATO_LEGAL": "Decreto 18.531, de 2 de junho de 1977", "LIVRO": "I, II", "MUNICIPIO": "Mateus Leme", "DISTRITO": "Mateus Leme", "POINT_X": -44.4283085637, "POINT_Y": -19.986962331699999 }, "geometry": { "type": "Point", "coordinates": [ -44.4283085637, -19.986962331699999 ] } },
{ "type": "Feature", "properties": { "Bens_Tomba": "Centro histórico de Santa Rita Durão", "PROCESSO": "PTE064/1996", "CATEGORIA": "CH", "SUBCATEG": "conjunto urbano; templo", "DESCRICAO": "Área delimitada em planta que inclui as edificações descritas no processo de tombamento", "ETAPA": "TOMBADO", "ATO_LEGAL": "Homologação SEC de 12 de janeiro de 1996", "LIVRO": "I, III", "MUNICIPIO": "Mariana", "DISTRITO": "Santa Rita Durao", "POINT_X": -43.416294873200002, "POINT_Y": -20.182656638200001 }, "geometry": { "type": "Point", "coordinates": [ -43.416294873200002, -20.182656638200001 ] } },
{ "type": "Feature", "properties": { "Bens_Tomba": "Igreja Matriz de São Francisco de Assis", "PROCESSO": "PTE066/1985", "CATEGORIA": "BI", "SUBCATEG": "edificação e acervo; templo", "DESCRICAO": "Área delimitada em planta que inclui a edificação", "ETAPA": "TOMBADO", "ATO_LEGAL": "Decreto 24.326, de 22 de março de 1985", "LIVRO": "II, III", "MUNICIPIO": "Conceição do Mato Dentro", "DISTRITO": "Costa Sena", "POINT_X": -43.662796745599998, "POINT_Y": -18.6670600749 }, "geometry": { "type": "Point", "coordinates": [ -43.662796745599998, -18.6670600749 ] } },
{ "type": "Feature", "properties": { "Bens_Tomba": "Igreja Matriz de Santa Cruz", "PROCESSO": "PTE067/1980", "CATEGORIA": "BI", "SUBCATEG": "edificação e acervo; templo", "DESCRICAO": "Área delimitada em planta que inclui a edificação e elementos artísticos descritos no processo de tombamento", "ETAPA": "TOMBADO", "ATO_LEGAL": "Decreto 20.689, de 23 de julho de 1980", "LIVRO": "II", "MUNICIPIO": "Chapada do Norte", "DISTRITO": "Chapada do Norte", "POINT_X": -42.537520763000003, "POINT_Y": -17.0876587779 }, "geometry": { "type": "Point", "coordinates": [ -42.537520763, -17.0876587779 ] } },
{ "type": "Feature", "properties": { "Bens_Tomba": "Prédio do Instituto de Educação de Minas Gerais", "PROCESSO": "PTE068/1982", "CATEGORIA": "BI", "SUBCATEG": "edificação; escola", "DESCRICAO": "Edificação Edificação", "ETAPA": "TOMBADO", "ATO_LEGAL": "Decreto 21.969, de 15 de fevereiro de 1982", "LIVRO": "II, III", "MUNICIPIO": "Belo Horizonte", "DISTRITO": "Belo Horizonte", "POINT_X": -43.932036745600001, "POINT_Y": -19.9279252559 }, "geometry": { "type": "Point", "coordinates": [ -43.932036745600001, -19.9279252559 ] } },
{ "type": "Feature", "properties": { "Bens_Tomba": "Prédio do antigo Banco Hipotecário e Agrícola", "PROCESSO": "PTE069/1988", "CATEGORIA": "BI", "SUBCATEG": "edificação", "DESCRICAO": "Edificação", "ETAPA": "TOMBADO", "ATO_LEGAL": "Decreto 27.927, de 15 de março de 1988", "LIVRO": "II", "MUNICIPIO": "Belo Horizonte", "DISTRITO": "Belo Horizonte", "POINT_X": -43.939334701699998, "POINT_Y": -19.919157178100001 }, "geometry": { "type": "Point", "coordinates": [ -43.939334701699998, -19.919157178100001 ] } },
{ "type": "Feature", "properties": { "Bens_Tomba": "Prédio da Escola Estadual Pedro II", "PROCESSO": "PTE070/1982", "CATEGORIA": "BI", "SUBCATEG": "edificação e acervo; templo", "DESCRICAO": "Edificação, elementos artísticos descritos no processo de tombamento, jardins e entorno", "ETAPA": "TOMBADO", "ATO_LEGAL": "Decreto 21.970, de 15 de fevereiro de 1982", "LIVRO": "II, III", "MUNICIPIO": "Belo Horizonte", "DISTRITO": "Belo Horizonte", "POINT_X": -43.929895197199997, "POINT_Y": -19.9260965259 }, "geometry": { "type": "Point", "coordinates": [ -43.929895197199997, -19.9260965259 ] } },
{ "type": "Feature", "properties": { "Bens_Tomba": "Praça Raul Soares", "PROCESSO": "PTE071/1988", "CATEGORIA": "CP", "SUBCATEG": "jardim histórico", "DESCRICAO": "Praça", "ETAPA": "TOMBADO", "ATO_LEGAL": "Decreto 27.927, de 15 de março de 1988", "LIVRO": "I", "MUNICIPIO": "Belo Horizonte", "DISTRITO": "Belo Horizonte", "POINT_X": -43.945135347799997, "POINT_Y": -19.922751054199999 }, "geometry": { "type": "Point", "coordinates": [ -43.945135347799997, -19.922751054199999 ] } },
{ "type": "Feature", "properties": { "Bens_Tomba": "Praça Hugo Werneck", "PROCESSO": "PTE072/1984_A", "CATEGORIA": "CP", "SUBCATEG": "jardim histórico", "DESCRICAO": "Praça, jardins e monumentos Praça, jardins e monumentos", "ETAPA": "TOMBADO", "ATO_LEGAL": "Decreto 23.809, de 14 de agosto de 1984", "LIVRO": "I, II, III", "MUNICIPIO": "Belo Horizonte", "DISTRITO": "Belo Horizonte", "POINT_X": -43.926834107300003, "POINT_Y": -19.923957310399999 }, "geometry": { "type": "Point", "coordinates": [ -43.926834107300003, -19.923957310399999 ] } },
{ "type": "Feature", "properties": { "Bens_Tomba": "Prédio da Maternidade Hilda Brandão", "PROCESSO": "PTE072/1984_B", "CATEGORIA": "BI", "SUBCATEG": "edificação; estrutura ou equipamento urbano; hospital", "DESCRICAO": "Edificação e bens móveis", "ETAPA": "TOMBADO", "ATO_LEGAL": "Decreto 23.809, de 14 de agosto de 1984", "LIVRO": "I, II, III", "MUNICIPIO": "Belo Horizonte", "DISTRITO": "Belo Horizonte", "POINT_X": -43.925348067599998, "POINT_Y": -19.923852991699999 }, "geometry": { "type": "Point", "coordinates": [ -43.925348067599998, -19.923852991699999 ] } },
{ "type": "Feature", "properties": { "Bens_Tomba": "Prédio do Hospital Borges da Costa", "PROCESSO": "PTE072/1984_C", "CATEGORIA": "BI", "SUBCATEG": "edificação; estrutura ou equipamento urbano; hospital", "DESCRICAO": "Edificação, bens móveis, jardins e entorno", "ETAPA": "TOMBADO", "ATO_LEGAL": "Decreto 23.809, de 14 de agosto de 1984", "LIVRO": "I, II, III", "MUNICIPIO": "Belo Horizonte", "DISTRITO": "Belo Horizonte", "POINT_X": -43.93004123, "POINT_Y": -19.9236884464 }, "geometry": { "type": "Point", "coordinates": [ -43.93004123, -19.9236884464 ] } },
{ "type": "Feature", "properties": { "Bens_Tomba": "Praça Floriano Peixoto e prédio do Quartel do 1º Batalhão da PMMG", "PROCESSO": "PTE073/1984", "CATEGORIA": "CP", "SUBCATEG": "jardim histórico; edificação; militar", "DESCRICAO": "Praça e edificação", "ETAPA": "TOMBADO", "ATO_LEGAL": "Decreto 23.808, de 14 de agosto de 1984", "LIVRO": "I, II, III", "MUNICIPIO": "Belo Horizonte", "DISTRITO": "Belo Horizonte", "POINT_X": -43.919954371000003, "POINT_Y": -19.923926898000001 }, "geometry": { "type": "Point", "coordinates": [ -43.919954371, -19.923926898 ] } },
{ "type": "Feature", "properties": { "Bens_Tomba": "Conjunto de edificações na avenida João Pinheiro - Prédio da Escola Normal da Ordem e Progresso", "PROCESSO": "PTE074/1983_A", "CATEGORIA": "BI", "SUBCATEG": "edificação; escola", "DESCRICAO": "Edificação incluída no tombamento do Conjunto de edificações na avenida João Pinheiro", "ETAPA": "TOMBADO", "ATO_LEGAL": "Decreto 23.260, de 1 de dezembro de 1983", "LIVRO": "I, III", "MUNICIPIO": "Belo Horizonte", "DISTRITO": "Belo Horizonte", "POINT_X": -43.938551084700002, "POINT_Y": -19.9294278522 }, "geometry": { "type": "Point", "coordinates": [ -43.938551084700002, -19.9294278522 ] } },
{ "type": "Feature", "properties": { "Bens_Tomba": "Conjunto de edificações na avenida João Pinheiro - Casa Afonso Pena Júnior", "PROCESSO": "PTE074/1983_B", "CATEGORIA": "BI", "SUBCATEG": "edificação", "DESCRICAO": "Edificação incluída no tombamento do Conjunto de edificações na avenida João Pinheiro", "ETAPA": "TOMBADO", "ATO_LEGAL": "Decreto 23.260, de 1 de dezembro de 1983", "LIVRO": "I, III", "MUNICIPIO": "Santa Bárbara", "DISTRITO": "Belo Horizonte", "POINT_X": -43.937906081000001, "POINT_Y": -19.9286336537 }, "geometry": { "type": "Point", "coordinates": [ -43.937906081, -19.9286336537 ] } },
{ "type": "Feature", "properties": { "Bens_Tomba": "Conjunto de edificações na avenida João Pinheiro - Prédio da Escola Estadual Afonso Pena", "PROCESSO": "PTE074/1983_C", "CATEGORIA": "BI", "SUBCATEG": "edificação; escola", "DESCRICAO": "Edificação incluída no tombamento do Conjunto de edificações na avenida João Pinheiro", "ETAPA": "TOMBADO", "ATO_LEGAL": "Decreto 23.260, de 1 de dezembro de 1983", "LIVRO": "I, III", "MUNICIPIO": "Belo Horizonte", "DISTRITO": "Belo Horizonte", "POINT_X": -43.9374772177, "POINT_Y": -19.928766736299998 }, "geometry": { "type": "Point", "coordinates": [ -43.9374772177, -19.928766736299998 ] } },
{ "type": "Feature", "properties": { "Bens_Tomba": "Conjunto arquitetônico e paisagístico da Praça Rui Barbosa", "PROCESSO": "PTE075/1988", "CATEGORIA": "CP", "SUBCATEG": "jardim histórico; conjunto urbano; ferrovia; escola; estrututura ou equipamento urbano", "DESCRICAO": "Área delimitada em planta que inclui a praça, jardins, esculturas e edificações descritas no processo de tombamento", "ETAPA": "TOMBADO", "ATO_LEGAL": "Decreto 27.927, de 15 de março de 1988", "LIVRO": "I, II", "MUNICIPIO": "Belo Horizonte", "DISTRITO": "Belo Horizonte", "POINT_X": -43.934794343999997, "POINT_Y": -19.916627574 }, "geometry": { "type": "Point", "coordinates": [ -43.934794344, -19.916627574 ] } },
{ "type": "Feature", "properties": { "Bens_Tomba": "Conjunto arquitetônico e paisagístico da Praça Rui Barbosa - Prédios da Estação da Central", "PROCESSO": "PTE075/1988_A", "CATEGORIA": "BI", "SUBCATEG": "edificação; ferrovia", "DESCRICAO": "Edificação incluída no tombamento do Conjunto Arquitetônico e Paisagístico da Praça Rui Barbosa", "ETAPA": "TOMBADO", "ATO_LEGAL": "Decreto 27.927, de 15 de março de 1988", "LIVRO": "I, II", "MUNICIPIO": "Belo Horizonte", "DISTRITO": "Belo Horizonte", "POINT_X": -43.933525500400002, "POINT_Y": -19.916929212 }, "geometry": { "type": "Point", "coordinates": [ -43.933525500400002, -19.916929212 ] } },
{ "type": "Feature", "properties": { "Bens_Tomba": "Conjunto arquitetônico e paisagístico da Praça Rui Barbosa - Antiga Estação Ferroviária Oeste Minas", "PROCESSO": "PTE075/1988_B", "CATEGORIA": "BI", "SUBCATEG": "edificação; ferrovia", "DESCRICAO": "Edificação incluída no tombamento do Conjunto Arquitetônico e Paisagístico da Praça Rui Barbosa", "ETAPA": "TOMBADO", "ATO_LEGAL": "Decreto 27.927, de 15 de março de 1988", "LIVRO": "I, II", "MUNICIPIO": "Belo Horizonte", "DISTRITO": "Belo Horizonte", "POINT_X": -43.932875742, "POINT_Y": -19.9170744579 }, "geometry": { "type": "Point", "coordinates": [ -43.932875742, -19.9170744579 ] } },
{ "type": "Feature", "properties": { "Bens_Tomba": "Conjunto arquitetônico e paisagístico da Praça Rui Barbosa - Casa do Conde de Santa Marinha", "PROCESSO": "PTE075/1988_C", "CATEGORIA": "BI", "SUBCATEG": "edificação", "DESCRICAO": "Edificação incluída no tombamento do Conjunto Arquitetônico e Paisagístico da Praça Rui Barbosa", "ETAPA": "TOMBADO", "ATO_LEGAL": "Decreto 27.927, de 15 de março de 1988", "LIVRO": "I, II", "MUNICIPIO": "Belo Horizonte", "DISTRITO": "Belo Horizonte", "POINT_X": -43.933953521, "POINT_Y": -19.913391646000001 }, "geometry": { "type": "Point", "coordinates": [ -43.933953521, -19.913391646 ] } },
{ "type": "Feature", "properties": { "Bens_Tomba": "Conjunto arquitetônico e paisagístico da Praça Rui Barbosa - Edifício Chagas Dória", "PROCESSO": "PTE075/1988_D", "CATEGORIA": "BI", "SUBCATEG": "edificação", "DESCRICAO": "Edificação incluída no tombamento do Conjunto Arquitetônico e Paisagístico da Praça Rui Barbosa", "ETAPA": "TOMBADO", "ATO_LEGAL": "Decreto 27.927, de 15 de março de 1988", "LIVRO": "I, II", "MUNICIPIO": "Belo Horizonte", "DISTRITO": "Belo Horizonte", "POINT_X": -43.932921232399998, "POINT_Y": -19.918702800999998 }, "geometry": { "type": "Point", "coordinates": [ -43.932921232399998, -19.918702801 ] } },
{ "type": "Feature", "properties": { "Bens_Tomba": "Conjunto arquitetônico e paisagístico da Praça Rui Barbosa - Antiga Serraria Souza Pinto", "PROCESSO": "PTE075/1988_E", "CATEGORIA": "BI", "SUBCATEG": "edificação; indústria", "DESCRICAO": "Edificação incluída no tombamento do Conjunto Arquitetônico e Paisagístico da Praça Rui Barbosa", "ETAPA": "TOMBADO", "ATO_LEGAL": "Decreto 27.927, de 15 de março de 1988", "LIVRO": "I, II", "MUNICIPIO": "Belo Horizonte", "DISTRITO": "Belo Horizonte", "POINT_X": -43.933956377299999, "POINT_Y": -19.9203125461 }, "geometry": { "type": "Point", "coordinates": [ -43.933956377299999, -19.9203125461 ] } },
{ "type": "Feature", "properties": { "Bens_Tomba": "Conjunto arquitetônico e paisagístico da Praça Rui Barbosa - Escola de Engenharia da Universidade de Minas Gerais", "PROCESSO": "PTE075/1988_F", "CATEGORIA": "BI", "SUBCATEG": "edificação; escola", "DESCRICAO": "Edificação incluída no tombamento do Conjunto Arquitetônico e Paisagístico da Praça Rui Barbosa", "ETAPA": "TOMBADO", "ATO_LEGAL": "Decreto 27.927, de 15 de março de 1988", "LIVRO": "I, II", "MUNICIPIO": "Belo Horizonte", "DISTRITO": "Belo Horizonte", "POINT_X": -43.935293170900003, "POINT_Y": -19.916180611800002 }, "geometry": { "type": "Point", "coordinates": [ -43.935293170900003, -19.916180611800002 ] } },
{ "type": "Feature", "properties": { "Bens_Tomba": "Conjunto arquitetônico e paisagístico da Praça Rui Barbosa - Antigo Instituto de Química", "PROCESSO": "PTE075/1988_G", "CATEGORIA": "BI", "SUBCATEG": "edificação; escola", "DESCRICAO": "Edificação incluída no tombamento do Conjunto Arquitetônico e Paisagístico da Praça Rui Barbosa", "ETAPA": "TOMBADO", "ATO_LEGAL": "Decreto 27.927, de 15 de março de 1988", "LIVRO": "I, II", "MUNICIPIO": "Belo Horizonte", "DISTRITO": "Belo Horizonte", "POINT_X": -43.935090623800001, "POINT_Y": -19.9154128013 }, "geometry": { "type": "Point", "coordinates": [ -43.935090623800001, -19.9154128013 ] } },
{ "type": "Feature", "properties": { "Bens_Tomba": "Conjunto arquitetônico e paisagístico da Praça Rui Barbosa - Pavilhão Mário Werneck", "PROCESSO": "PTE075/1988_H", "CATEGORIA": "BI", "SUBCATEG": "edificação; escola", "DESCRICAO": "Edificação incluída no tombamento do Conjunto Arquitetônico e Paisagístico da Praça Rui Barbosa", "ETAPA": "TOMBADO", "ATO_LEGAL": "Decreto 27.927, de 15 de março de 1988", "LIVRO": "I, II", "MUNICIPIO": "Belo Horizonte", "DISTRITO": "Belo Horizonte", "POINT_X": -43.935210642900003, "POINT_Y": -19.915873423200001 }, "geometry": { "type": "Point", "coordinates": [ -43.935210642900003, -19.915873423200001 ] } },
{ "type": "Feature", "properties": { "Bens_Tomba": "Conjunto arquitetônico e paisagístico da Praça Rui Barbosa - Viaduto Santa Tereza", "PROCESSO": "PTE075/1988_I", "CATEGORIA": "BI", "SUBCATEG": "estrutura ou equipamento urbano", "DESCRICAO": "Edificação incluída no tombamento do Conjunto Arquitetônico e Paisagístico da Praça Rui Barbosa", "ETAPA": "TOMBADO", "ATO_LEGAL": "Decreto 27.927, de 15 de março de 1988", "LIVRO": "I, II", "MUNICIPIO": "Belo Horizonte", "DISTRITO": "Belo Horizonte", "POINT_X": -43.933753444399997, "POINT_Y": -19.919482337800002 }, "geometry": { "type": "Point", "coordinates": [ -43.933753444399997, -19.919482337800002 ] } },
{ "type": "Feature", "properties": { "Bens_Tomba": "Conjunto arquitetônico e urbanístico da Capela de Nossa Senhora do Rosário", "PROCESSO": "PTE077/1985", "CATEGORIA": "CP", "SUBCATEG": "conjunto urbano; templo", "DESCRICAO": "Área delimitada em planta que inclui a gruta e edificações descritas no processo de tombamento", "ETAPA": "TOMBADO", "ATO_LEGAL": "Decreto 24.328, de 22 de março de 1985", "LIVRO": "I, II", "MUNICIPIO": "São Thomé das Letras", "DISTRITO": "São Thomé das Letras", "POINT_X": -44.982603337999997, "POINT_Y": -21.7192522661 }, "geometry": { "type": "Point", "coordinates": [ -44.982603338, -21.7192522661 ] } },
{ "type": "Feature", "properties": { "Bens_Tomba": "Cine-teatro Brasil", "PROCESSO": "PTE078/2000", "CATEGORIA": "BI", "SUBCATEG": "edificação; estrutura ou equipamento urbano; cinema", "DESCRICAO": "Área delimitada em planta que inclui a edificação", "ETAPA": "TOMBADO", "ATO_LEGAL": "Homologação SEC de 15 de setembro de 2000", "LIVRO": "II, III", "MUNICIPIO": "Belo Horizonte", "DISTRITO": "Belo Horizonte", "POINT_X": -43.937992282800003, "POINT_Y": -19.919059514400001 }, "geometry": { "type": "Point", "coordinates": [ -43.937992282800003, -19.919059514400001 ] } },
{ "type": "Feature", "properties": { "Bens_Tomba": "Prédio da Secretaria de Estado de Agricultura, Pecuária e Abastecimento", "PROCESSO": "PTE080/1988", "CATEGORIA": "BI", "SUBCATEG": "edificação", "DESCRICAO": "Área delimitada em planta que inclui a edificação e terreno em que se situa", "ETAPA": "TOMBADO", "ATO_LEGAL": "Decreto 27.927, de 15 de março de 1988", "LIVRO": "II, III", "MUNICIPIO": "Belo Horizonte", "DISTRITO": "Belo Horizonte", "POINT_X": -43.941655313200002, "POINT_Y": -19.915395715 }, "geometry": { "type": "Point", "coordinates": [ -43.941655313200002, -19.915395715 ] } },
{ "type": "Feature", "properties": { "Bens_Tomba": "Prédio do Automóvel Clube", "PROCESSO": "PTE081/1988", "CATEGORIA": "BI", "SUBCATEG": "edificação", "DESCRICAO": "Área delimitada em planta que inclui a edificação e terreno em que se situa", "ETAPA": "TOMBADO", "ATO_LEGAL": "Decreto 27.927, de 15 de março de 1988", "LIVRO": "II, III", "MUNICIPIO": "Belo Horizonte", "DISTRITO": "Belo Horizonte", "POINT_X": -43.9354671619, "POINT_Y": -19.924902013099999 }, "geometry": { "type": "Point", "coordinates": [ -43.9354671619, -19.924902013099999 ] } },
{ "type": "Feature", "properties": { "Bens_Tomba": "Prédio do Conservatório Mineiro de Música", "PROCESSO": "PTE082/1988", "CATEGORIA": "BI", "SUBCATEG": "edificação", "DESCRICAO": "Área delimitada em planta que inclui a edificação e terreno em que se situa Área delimitada em planta que inclui a edificação e terreno em que se situa Área delimitada em planta que", "ETAPA": "TOMBADO", "ATO_LEGAL": "Decreto 27.927, de 15 de março de 1988", "LIVRO": "II, III", "MUNICIPIO": "Belo Horizonte", "DISTRITO": "Belo Horizonte", "POINT_X": -43.9346678211, "POINT_Y": -19.926177448699999 }, "geometry": { "type": "Point", "coordinates": [ -43.9346678211, -19.926177448699999 ] } },
{ "type": "Feature", "properties": { "Bens_Tomba": "Prédio da Escola Estadual Barão do Rio Branco", "PROCESSO": "PTE083/1988_A", "CATEGORIA": "BI", "SUBCATEG": "edificação; escola", "DESCRICAO": "Área delimitada em planta que inclui a edificação Área delimitada em planta que inclui a edificação", "ETAPA": "TOMBADO", "ATO_LEGAL": "Decreto 27.927, de 15 de março de 1988", "LIVRO": "II, III", "MUNICIPIO": "Belo Horizonte", "DISTRITO": "Belo Horizonte", "POINT_X": -43.932934016300003, "POINT_Y": -19.937091217300001 }, "geometry": { "type": "Point", "coordinates": [ -43.932934016300003, -19.937091217300001 ] } },
{ "type": "Feature", "properties": { "Bens_Tomba": "Prédio da Escola Estadual Barão de Macaúbas", "PROCESSO": "PTE083/1988_B", "CATEGORIA": "BI", "SUBCATEG": "edificação; escola", "DESCRICAO": "Área delimitada em planta que inclui a edificação", "ETAPA": "TOMBADO", "ATO_LEGAL": "Decreto 27.927, de 15 de março de 1988", "LIVRO": "II, III", "MUNICIPIO": "Belo Horizonte", "DISTRITO": "Belo Horizonte", "POINT_X": -43.928829309000001, "POINT_Y": -19.916181397900001 }, "geometry": { "type": "Point", "coordinates": [ -43.928829309, -19.916181397900001 ] } },
{ "type": "Feature", "properties": { "Bens_Tomba": "Prédio da Escola Estadual Olegário Maciel", "PROCESSO": "PTE083/1988_C", "CATEGORIA": "BI", "SUBCATEG": "edificação; escola", "DESCRICAO": "Área delimitada em planta que inclui a edificação", "ETAPA": "TOMBADO", "ATO_LEGAL": "Decreto 27.927, de 15 de março de 1988", "LIVRO": "II, III", "MUNICIPIO": "Belo Horizonte", "DISTRITO": "Belo Horizonte", "POINT_X": -43.944235059900002, "POINT_Y": -19.918033580399999 }, "geometry": { "type": "Point", "coordinates": [ -43.944235059900002, -19.918033580399999 ] } },
{ "type": "Feature", "properties": { "Bens_Tomba": "Prédio da Academia Mineira de Letras", "PROCESSO": "PTE084/1988", "CATEGORIA": "BI", "SUBCATEG": "edificação", "DESCRICAO": "Área delimitada em planta que inclui edificação e terreno em que se situa", "ETAPA": "TOMBADO", "ATO_LEGAL": "Decreto 27.927, de 15 de março de 1988", "LIVRO": "II", "MUNICIPIO": "Belo Horizonte", "DISTRITO": "Belo Horizonte", "POINT_X": -43.938533348199996, "POINT_Y": -19.9277070471 }, "geometry": { "type": "Point", "coordinates": [ -43.938533348199996, -19.9277070471 ] } },
{ "type": "Feature", "properties": { "Bens_Tomba": "Fazenda Mundo Novo", "PROCESSO": "PTE085/1989", "CATEGORIA": "BI", "SUBCATEG": "conjunto rural", "DESCRICAO": "Área delimitada em planta que inclui a edificação", "ETAPA": "TOMBADO", "ATO_LEGAL": "Decreto 29.399, de 21 de abril de 1989", "LIVRO": "I, II, III", "MUNICIPIO": "Simão Pereira", "DISTRITO": "Simão Pereira", "POINT_X": -43.323044075799999, "POINT_Y": -21.922944217400001 }, "geometry": { "type": "Point", "coordinates": [ -43.323044075799999, -21.922944217400001 ] } },
{ "type": "Feature", "properties": { "Bens_Tomba": "Capela de Nossa Senhora do Rosário", "PROCESSO": "PTE086/1989", "CATEGORIA": "BI", "SUBCATEG": "edificação; templo", "DESCRICAO": "Edificação", "ETAPA": "TOMBADO", "ATO_LEGAL": "Decreto 29.399, de 21 de abril de 1989", "LIVRO": "II, III", "MUNICIPIO": "Piranga", "DISTRITO": "Piranga", "POINT_X": -43.302194570300003, "POINT_Y": -20.682355490199999 }, "geometry": { "type": "Point", "coordinates": [ -43.302194570300003, -20.682355490199999 ] } },
{ "type": "Feature", "properties": { "Bens_Tomba": "Fazenda das Melancias", "PROCESSO": "PTE087/1989", "CATEGORIA": "BI", "SUBCATEG": "conjunto rural", "DESCRICAO": "Área delimitada em planta que inclui a edificação principal, senzala, casa de luz, monjolo, serraria e currais", "ETAPA": "TOMBADO", "ATO_LEGAL": "Decreto 29.399, de 21 de abril de 1989", "LIVRO": "II, III", "MUNICIPIO": "Água Comprida", "DISTRITO": "Água Comprida", "POINT_X": -48.015617748300002, "POINT_Y": -20.028629000399999 }, "geometry": { "type": "Point", "coordinates": [ -48.015617748300002, -20.028629000399999 ] } },
{ "type": "Feature", "properties": { "Bens_Tomba": "Casa de Arthur Bernardes", "PROCESSO": "PTE088/1989", "CATEGORIA": "BI", "SUBCATEG": "edificação", "DESCRICAO": "Edificação", "ETAPA": "TOMBADO", "ATO_LEGAL": "Decreto 29.399, de 21 de abril de 1989", "LIVRO": "II, III", "MUNICIPIO": "Viçosa", "DISTRITO": "Viçosa", "POINT_X": -42.881756515399999, "POINT_Y": -20.7540582076 }, "geometry": { "type": "Point", "coordinates": [ -42.881756515399999, -20.7540582076 ] } },
{ "type": "Feature", "properties": { "Bens_Tomba": "Igreja de Nossa Senhora do Rosário", "PROCESSO": "PTE089/1989", "CATEGORIA": "BI", "SUBCATEG": "edificação; templo", "DESCRICAO": "Edificação", "ETAPA": "TOMBADO", "ATO_LEGAL": "Decreto 29.399, de 21 de abril de 1989", "LIVRO": "II, III", "MUNICIPIO": "Januária", "DISTRITO": "Brejo do Amparo", "POINT_X": -44.3917467176, "POINT_Y": -15.4329080028 }, "geometry": { "type": "Point", "coordinates": [ -44.3917467176, -15.4329080028 ] } },
{ "type": "Feature", "properties": { "Bens_Tomba": "Capela de Nossa Senhora do Rosário", "PROCESSO": "PTE090/1989_A", "CATEGORIA": "BI", "SUBCATEG": "edificação; templo; sítio arqueológico", "DESCRICAO": "Área delimitada em planta que inclui a edificação", "ETAPA": "TOMBADO", "ATO_LEGAL": "Decreto 29.399, de 21 de abril de 1989", "LIVRO": "I, II, III, IV", "MUNICIPIO": "Piranga", "DISTRITO": "Santo Antônio do Pirapetinga", "POINT_X": -43.329826328300001, "POINT_Y": -20.6106550238 }, "geometry": { "type": "Point", "coordinates": [ -43.329826328300001, -20.6106550238 ] } },
{ "type": "Feature", "properties": { "Bens_Tomba": "Capela de Santo Antônio", "PROCESSO": "PTE090/1989_B", "CATEGORIA": "BI", "SUBCATEG": "edificação; templo", "DESCRICAO": "Área delimitada em planta que inclui a edificação", "ETAPA": "TOMBADO", "ATO_LEGAL": "Decreto 29.399, de 21 de abril de 1989", "LIVRO": "I, II, III, IV", "MUNICIPIO": "Piranga", "DISTRITO": "Santo Antônio do Pirapetinga", "POINT_X": -43.332978283899998, "POINT_Y": -20.606734476100002 }, "geometry": { "type": "Point", "coordinates": [ -43.332978283899998, -20.606734476100002 ] } },
{ "type": "Feature", "properties": { "Bens_Tomba": "Sítio da Varginha do Lourenço", "PROCESSO": "PTE091/1989", "CATEGORIA": "CP", "SUBCATEG": "sítio arqueológico", "DESCRICAO": "Área delimitada em planta que inclui as ruínas da edificação, o momumento e a gameleira", "ETAPA": "TOMBADO", "ATO_LEGAL": "Decreto 29.399, de 21 de abril de 1989", "LIVRO": "I, II", "MUNICIPIO": "Conselheiro Lafaiete", "DISTRITO": "Conselheiro Lafaiete", "POINT_X": -43.7359713528, "POINT_Y": -20.596917197 }, "geometry": { "type": "Point", "coordinates": [ -43.7359713528, -20.596917197 ] } },
{ "type": "Feature", "properties": { "Bens_Tomba": "Complexo hidrotermal e hoteleiro de Poços de Caldas", "PROCESSO": "PTE093/1989", "CATEGORIA": "CP", "SUBCATEG": "conjunto arquitetônico; acervo", "DESCRICAO": "Tombamento constitucional", "ETAPA": "TOMBAMENTO CONSTITUCIONAL", "ATO_LEGAL": "Constituição Estadual de 1989 - ADCT art. 84", "LIVRO": null, "MUNICIPIO": "Poços de Caldas", "DISTRITO": "Poços de Caldas", "POINT_X": -46.568726578899998, "POINT_Y": -21.7863357417 }, "geometry": { "type": "Point", "coordinates": [ -46.568726578899998, -21.7863357417 ] } },
{ "type": "Feature", "properties": { "Bens_Tomba": "Pico do Itabirito", "PROCESSO": "PTE094/1989", "CATEGORIA": "CP", "SUBCATEG": "patrimônio natural", "DESCRICAO": "Tombamento constitucional", "ETAPA": "TOMBAMENTO CONSTITUCIONAL", "ATO_LEGAL": "Constituição Estadual de 1989 - ADCT art. 84", "LIVRO": null, "MUNICIPIO": "Itabirito", "DISTRITO": "Itabirito", "POINT_X": -43.867164076999998, "POINT_Y": -20.240426964899999 }, "geometry": { "type": "Point", "coordinates": [ -43.867164077, -20.240426964899999 ] } },
{ "type": "Feature", "properties": { "Bens_Tomba": "Conjunto das ruínas do Gongo Soco", "PROCESSO": "PTE095/1995", "CATEGORIA": "CP", "SUBCATEG": "sítio arqueológico", "DESCRICAO": "Área delimitada em planta que inclui os vestígios arqueológicos descritos no processo de tombamento", "ETAPA": "TOMBADO", "ATO_LEGAL": "Homologação SEC de 11 de maio de 1995", "LIVRO": "I, III", "MUNICIPIO": "Barão de Cocais", "DISTRITO": "Barão de Cocais", "POINT_X": -43.583877592, "POINT_Y": -19.958650992900001 }, "geometry": { "type": "Point", "coordinates": [ -43.583877592, -19.958650992900001 ] } },
{ "type": "Feature", "properties": { "Bens_Tomba": "Escola Estadual Professor Botelho Reis", "PROCESSO": "PTE096/1995", "CATEGORIA": "BI", "SUBCATEG": "edificação; escola", "DESCRICAO": "Área delimitada em planta que inclui a edificação", "ETAPA": "TOMBADO", "ATO_LEGAL": "Homologação SEC de 11 de dezembro de 1995", "LIVRO": "II, III", "MUNICIPIO": "Leopoldina", "DISTRITO": "Leopoldina", "POINT_X": -42.644581729599999, "POINT_Y": -21.529539569099999 }, "geometry": { "type": "Point", "coordinates": [ -42.644581729599999, -21.529539569099999 ] } },
{ "type": "Feature", "properties": { "Bens_Tomba": "Centro histórico de São Thomé das Letras e Igreja Matriz de São Thomé", "PROCESSO": "PTE097/1996", "CATEGORIA": "CP", "SUBCATEG": "conjunto urbano; templo", "DESCRICAO": "Área delimitada em planta que inclui as edificações descritas no processo de tombamento", "ETAPA": "TOMBADO", "ATO_LEGAL": "Homologação SEC de 24 de abril de 1996", "LIVRO": "I, II, III, IV", "MUNICIPIO": "São Thomé das Letras", "DISTRITO": "São Thomé das Letras", "POINT_X": -44.9853154738, "POINT_Y": -21.722857121200001 }, "geometry": { "type": "Point", "coordinates": [ -44.9853154738, -21.722857121200001 ] } },
{ "type": "Feature", "properties": { "Bens_Tomba": "Conjunto arqueológico e paisagístico de Poções", "PROCESSO": "PTE098/1996", "CATEGORIA": "CP", "SUBCATEG": "sítio arqueológico; patrimônio natural", "DESCRICAO": "Área delimitada em planta que inclui o sítio arqueológico", "ETAPA": "TOMBADO", "ATO_LEGAL": "Homologação SEC de 27 de junho de 1996", "LIVRO": "I, III, IV", "MUNICIPIO": "Matozinhos", "DISTRITO": "Matozinhos; Mocambeiro", "POINT_X": -44.051449232300001, "POINT_Y": -19.5237854013 }, "geometry": { "type": "Point", "coordinates": [ -44.051449232300001, -19.5237854013 ] } },
{ "type": "Feature", "properties": { "Bens_Tomba": "Igreja do Espírito Santo do Cerrado", "PROCESSO": "PTE099/1997", "CATEGORIA": "BI", "SUBCATEG": "edificação; templo", "DESCRICAO": "Área delimitada em planta que inclui a edificação", "ETAPA": "TOMBADO", "ATO_LEGAL": "Homologação SEC de 6 de maio de 1997", "LIVRO": "I, II, III", "MUNICIPIO": "Uberlândia", "DISTRITO": "Uberlândia", "POINT_X": -48.3019621153, "POINT_Y": -18.925263681099999 }, "geometry": { "type": "Point", "coordinates": [ -48.3019621153, -18.925263681099999 ] } },
{ "type": "Feature", "properties": { "Bens_Tomba": "Complexo hidrotermal e hoteleiro de Araxá", "PROCESSO": "PTE100/1989", "CATEGORIA": "CP", "SUBCATEG": "conjunto arquitetônico; acervo", "DESCRICAO": "Tombamento constitucional", "ETAPA": "TOMBADO", "ATO_LEGAL": "Constituição Estadual de 1989 - ADCT art. 84", "LIVRO": null, "MUNICIPIO": "Araxá", "DISTRITO": "Araxá", "POINT_X": -46.9502069957, "POINT_Y": -19.646478423200001 }, "geometry": { "type": "Point", "coordinates": [ -46.9502069957, -19.646478423200001 ] } },
{ "type": "Feature", "properties": { "Bens_Tomba": "Centro histórico de São José das Três Ilhas e Igreja Matriz de São José", "PROCESSO": "PTE101/1997", "CATEGORIA": "CH", "SUBCATEG": "conjunto urbano; templo", "DESCRICAO": "Área delimitada em planta que inclui as edificações e elementos artísticos descritos no processo de tombamento", "ETAPA": "TOMBADO", "ATO_LEGAL": "Homologação SEC de 29 de setembro de 1997", "LIVRO": "I, II, III, IV", "MUNICIPIO": "Belmiro Braga", "DISTRITO": "Três Ilhas", "POINT_X": -43.484916935999998, "POINT_Y": -22.032685139400002 }, "geometry": { "type": "Point", "coordinates": [ -43.484916936, -22.032685139400002 ] } },
{ "type": "Feature", "properties": { "Bens_Tomba": "Fazenda Fonte Limpa", "PROCESSO": "PTE102/1998", "CATEGORIA": "BI", "SUBCATEG": "conjunto rural", "DESCRICAO": "Área delimitada em planta que inclui a edificação", "ETAPA": "TOMBADO", "ATO_LEGAL": "Homologação SEC de 30 de julho de 1998", "LIVRO": "I, II, III", "MUNICIPIO": "Santana dos Montes", "DISTRITO": "Santana dos Montes", "POINT_X": -43.701447911000002, "POINT_Y": -20.806376914299999 }, "geometry": { "type": "Point", "coordinates": [ -43.701447911, -20.806376914299999 ] } },
{ "type": "Feature", "properties": { "Bens_Tomba": "Conjunto arquitetônico e paisagístico de Biribiri", "PROCESSO": "PTE103/1998", "CATEGORIA": "CP", "SUBCATEG": "conjunto urbano; indústria", "DESCRICAO": "Área delimitada em planta que inclui as edificações descritas no processo de tombamento", "ETAPA": "TOMBADO", "ATO_LEGAL": "Homologação SEC de 11 de novembro de 1998", "LIVRO": "I, II, III", "MUNICIPIO": "Diamantina", "DISTRITO": "Sopa", "POINT_X": -43.619852880400003, "POINT_Y": -18.144447057400001 }, "geometry": { "type": "Point", "coordinates": [ -43.619852880400003, -18.144447057400001 ] } },
{ "type": "Feature", "properties": { "Bens_Tomba": "Igreja Matriz de Santo Antônio", "PROCESSO": "PTE104/1998", "CATEGORIA": "BI", "SUBCATEG": "edificação; templo; acervo", "DESCRICAO": "Área delimitada em planta que inclui a edificação e elementos artísticos descritos no processo de tombamento", "ETAPA": "TOMBADO", "ATO_LEGAL": "Homologação SEC de 30 de julho de 1998", "LIVRO": "II, III, IV", "MUNICIPIO": "Itacambira", "DISTRITO": "Itacambira", "POINT_X": -43.3100666797, "POINT_Y": -17.0642340709 }, "geometry": { "type": "Point", "coordinates": [ -43.3100666797, -17.0642340709 ] } },
{ "type": "Feature", "properties": { "Bens_Tomba": "Fazenda de São José do Manso", "PROCESSO": "PTE105/1998", "CATEGORIA": "BI", "SUBCATEG": "conjunto rural; sítio arqueológico", "DESCRICAO": "Área delimitada em planta que inclui a edificação", "ETAPA": "TOMBADO", "ATO_LEGAL": "Homologação SEC de 22 de setembro de 1998", "LIVRO": "I, II, III", "MUNICIPIO": "Ouro Preto", "DISTRITO": "Ouro Preto", "POINT_X": -43.510787929300001, "POINT_Y": -20.433753342 }, "geometry": { "type": "Point", "coordinates": [ -43.510787929300001, -20.433753342 ] } },
{ "type": "Feature", "properties": { "Bens_Tomba": "Conjunto arquitetônico e paisagístico do Parque das Águas", "PROCESSO": "PTE108/1999", "CATEGORIA": "CP", "SUBCATEG": "conjunto arquitetônico", "DESCRICAO": "Área delimitada em planta que inclui o parque e edificações descritas no processo de tombamento", "ETAPA": "TOMBADO", "ATO_LEGAL": "Homologação SEC de 10 de fevereiro de 1999", "LIVRO": "I, II, III, IV", "MUNICIPIO": "Caxambu", "DISTRITO": "Caxambu", "POINT_X": -44.936372036999998, "POINT_Y": -21.980580734899998 }, "geometry": { "type": "Point", "coordinates": [ -44.936372037, -21.980580734899998 ] } },
{ "type": "Feature", "properties": { "Bens_Tomba": "Conjunto paisagístico das cachoeiras do Tombo da Fumaça", "PROCESSO": "PTE110/1999", "CATEGORIA": "CP", "SUBCATEG": "patrimônio natural", "DESCRICAO": "Área delimitada em planta", "ETAPA": "TOMBADO", "ATO_LEGAL": "Tombamento aprovado em 11 de agosto de 1999 e inscrição referendada pela nota jurídica 2554/2010 da AGE", "LIVRO": "I, III", "MUNICIPIO": "Salto da Divisa", "DISTRITO": "Salto da Divisa", "POINT_X": -39.953682491899997, "POINT_Y": -15.991436027200001 }, "geometry": { "type": "Point", "coordinates": [ -39.953682491899997, -15.991436027200001 ] } },
{ "type": "Feature", "properties": { "Bens_Tomba": "Fazenda Carreiras", "PROCESSO": "PTE111/2000", "CATEGORIA": "BI", "SUBCATEG": "conjunto rural", "DESCRICAO": "Área delimitada em planta que inclui a edificação", "ETAPA": "TOMBADO", "ATO_LEGAL": "Homologação SEC de 15 de setembro de 2000", "LIVRO": "II, III", "MUNICIPIO": "Ouro Branco", "DISTRITO": "Ouro Branco", "POINT_X": -43.71306899, "POINT_Y": -20.556799053799999 }, "geometry": { "type": "Point", "coordinates": [ -43.71306899, -20.556799053799999 ] } },
{ "type": "Feature", "properties": { "Bens_Tomba": "Cine Rio Branco", "PROCESSO": "PTE112/2000", "CATEGORIA": "BI", "SUBCATEG": "edificação; estrutura ou equipamento urbano; cinema", "DESCRICAO": "Área delimitada em planta que inclui a edificação", "ETAPA": "TOMBADO", "ATO_LEGAL": "Homologação SEC de 15 de setembro de 2000", "LIVRO": "II, III, IV", "MUNICIPIO": "Varginha", "DISTRITO": "Varginha", "POINT_X": -45.437019366299999, "POINT_Y": -21.556648927099999 }, "geometry": { "type": "Point", "coordinates": [ -45.437019366299999, -21.556648927099999 ] } },
{ "type": "Feature", "properties": { "Bens_Tomba": "Pico do Ibituruna", "PROCESSO": "PTE113/1989", "CATEGORIA": "CP", "SUBCATEG": "patrimônio natural", "DESCRICAO": "Tombamento constitucional", "ETAPA": "TOMBAMENTO CONSTITUCIONAL", "ATO_LEGAL": "Constituição Estadual de 1989 - ADCT art. 84", "LIVRO": null, "MUNICIPIO": "Governador Valadares", "DISTRITO": "Governador Valadares", "POINT_X": -41.909325208600002, "POINT_Y": -18.873393868299999 }, "geometry": { "type": "Point", "coordinates": [ -41.909325208600002, -18.873393868299999 ] } },
{ "type": "Feature", "properties": { "Bens_Tomba": "Pico do Itambé", "PROCESSO": "PTE114/1989", "CATEGORIA": "CP", "SUBCATEG": "patrimônio natural", "DESCRICAO": "Tombamento constitucional", "ETAPA": "TOMBAMENTO CONSTITUCIONAL", "ATO_LEGAL": "Constituição Estadual de 1989 - ADCT art. 84", "LIVRO": null, "MUNICIPIO": "Santo Antônio do Itambé; Serra Azul de Minas; Serro", "DISTRITO": "Santo Antônio do Itambé; Serra Azul de Minas; Serro", "POINT_X": -43.345659902900003, "POINT_Y": -18.398073440800001 }, "geometry": { "type": "Point", "coordinates": [ -43.345659902900003, -18.398073440800001 ] } },
{ "type": "Feature", "properties": { "Bens_Tomba": "Complexo arquitetônico e paisagístico da Serra do Caraça", "PROCESSO": "PTE115/1989", "CATEGORIA": "CP", "SUBCATEG": "patrimônio natural", "DESCRICAO": "Tombamento constitucional", "ETAPA": "TOMBAMENTO CONSTITUCIONAL", "ATO_LEGAL": "Constituição Estadual de 1989 - ADCT art. 84", "LIVRO": null, "MUNICIPIO": "Catas Altas; Santa Bárbara", "DISTRITO": "Catas Altas; Brumal", "POINT_X": -43.488025966899997, "POINT_Y": -20.097220357600001 }, "geometry": { "type": "Point", "coordinates": [ -43.488025966899997, -20.097220357600001 ] } },
{ "type": "Feature", "properties": { "Bens_Tomba": "Conjunto paisagístico da Serra da Piedade", "PROCESSO": "PTE116/1989", "CATEGORIA": "CP", "SUBCATEG": "patrimônio natural; templo", "DESCRICAO": "Área delimitada em planta que inclui o santuário Nossa Senhora da Piedade", "ETAPA": "TOMBADO", "ATO_LEGAL": "Constituição Estadual de 1989 - ADCT art. 84. Homologação SEC de 19 de maio de 2006", "LIVRO": "I, II, III", "MUNICIPIO": "Caeté; Sabará; Santa Luzia", "DISTRITO": "Caeté, Penedia, Roças Novas; Sabará, Ravena, Mestre Caetano; Santa Luzia", "POINT_X": -43.675324531000001, "POINT_Y": -19.8228131517 }, "geometry": { "type": "Point", "coordinates": [ -43.675324531, -19.8228131517 ] } },
{ "type": "Feature", "properties": { "Bens_Tomba": "Serra do Ibitipoca", "PROCESSO": "PTE117/1989", "CATEGORIA": "CP", "SUBCATEG": "patrimônio natural", "DESCRICAO": "Tombamento constitucional", "ETAPA": "TOMBAMENTO CONSTITUCIONAL", "ATO_LEGAL": "Constituição Estadual de 1989 - ADCT art. 84", "LIVRO": null, "MUNICIPIO": "Lima Duarte; Santa Rita do Ibitipoca", "DISTRITO": "Conceição da Ibitipoca; Santa Rita do Ibitipoca; Bom Jesus do Vermelho", "POINT_X": -43.876671694300001, "POINT_Y": -21.708265969 }, "geometry": { "type": "Point", "coordinates": [ -43.876671694300001, -21.708265969 ] } },
{ "type": "Feature", "properties": { "Bens_Tomba": "Serra do Cabral", "PROCESSO": "PTE118/1989", "CATEGORIA": "CP", "SUBCATEG": "patrimônio natural; sítio arqueológico", "DESCRICAO": "Tombamento constitucional", "ETAPA": "TOMBAMENTO CONSTITUCIONAL", "ATO_LEGAL": "Constituição Estadual de 1989 - ADCT art. 84", "LIVRO": null, "MUNICIPIO": "Augusto de Lima, Buenópolis, Francisco Dumont, Joaquim Felício, Lassance e Várzea da Palma", "DISTRITO": "Augusto de Lima, Buenópolis, Francisco Dumont, Joaquim Felício, Lassance e Várzea da Palma", "POINT_X": -44.297916120099998, "POINT_Y": -17.810922960799999 }, "geometry": { "type": "Point", "coordinates": [ -44.297916120099998, -17.810922960799999 ] } },
{ "type": "Feature", "properties": { "Bens_Tomba": "Serra de São Domingos", "PROCESSO": "PTE119/1989", "CATEGORIA": "CP", "SUBCATEG": "patrimônio natural", "DESCRICAO": "Área delimitada em planta que inclui o Cristo Redentor, a Fonte dos Amores, o teleférico e o antigo reservatório de abastecimento público", "ETAPA": "TOMBADO", "ATO_LEGAL": "Constituição Estadual de 1989 - ADCT art. 84. Deliberação CONEP 05/2017, de 30 de maio de 2017.", "LIVRO": "I", "MUNICIPIO": "Poços de Caldas", "DISTRITO": "Poços de Caldas", "POINT_X": -46.560967898199998, "POINT_Y": -21.7724504117 }, "geometry": { "type": "Point", "coordinates": [ -46.560967898199998, -21.7724504117 ] } },
{ "type": "Feature", "properties": { "Bens_Tomba": "Bacia hidrográfica do Rio Jequitinhonha", "PROCESSO": "PTE120/1989", "CATEGORIA": "CP", "SUBCATEG": "patrimônio natural", "DESCRICAO": "Tombamento constitucional", "ETAPA": "TOMBAMENTO CONSTITUCIONAL", "ATO_LEGAL": "Constituição Estadual de 1989 - ADCT art. 84", "LIVRO": null, "MUNICIPIO": "Diversos (62 municípios)", "DISTRITO": null, "POINT_X": -40.963669340700001, "POINT_Y": -16.418415547399999 }, "geometry": { "type": "Point", "coordinates": [ -40.963669340700001, -16.418415547399999 ] } },
{ "type": "Feature", "properties": { "Bens_Tomba": "Centro histórico de Santa Luzia", "PROCESSO": "PTE121/1998", "CATEGORIA": "CH", "SUBCATEG": "conjunto urbano; templo", "DESCRICAO": "Área delimitada em planta que inclui as edificações descritas no processo de tombamento", "ETAPA": "TOMBADO", "ATO_LEGAL": "Homologação SEC de 28 de dezembro de 1998", "LIVRO": "I, II, III", "MUNICIPIO": "Santa Luzia", "DISTRITO": "Santa Luzia", "POINT_X": -43.850976396999997, "POINT_Y": -19.770146963199998 }, "geometry": { "type": "Point", "coordinates": [ -43.850976397, -19.770146963199998 ] } },
{ "type": "Feature", "properties": { "Bens_Tomba": "Capela de Nossa Senhora da Saúde", "PROCESSO": "PTE122/2000", "CATEGORIA": "BI", "SUBCATEG": "edificação; templo", "DESCRICAO": "Área delimitada em planta que inclui a edificação", "ETAPA": "TOMBADO", "ATO_LEGAL": "Tombamento aprovado em 12 de dezembro de 2000 e inscrição referendada pela nota jurídica 2554/2010 da AGE", "LIVRO": "II, III", "MUNICIPIO": "Chapada do Norte", "DISTRITO": "Chapada do Norte", "POINT_X": -42.537783552999997, "POINT_Y": -17.0866823633 }, "geometry": { "type": "Point", "coordinates": [ -42.537783553, -17.0866823633 ] } },
{ "type": "Feature", "properties": { "Bens_Tomba": "Sobrado do inconfidente Domingos de Abreu Vieira", "PROCESSO": "PTE123/2001", "CATEGORIA": "BI", "SUBCATEG": "edificação", "DESCRICAO": "Área delimitada em planta que inclui a edificação", "ETAPA": "TOMBADO", "ATO_LEGAL": "Tombamento aprovado em 6 de novembro de 2001 e inscrição referendada pela nota jurídica 2554/2010 da AGE", "LIVRO": "II, III, IV", "MUNICIPIO": "Berilo", "DISTRITO": "Berilo", "POINT_X": -42.466635664199998, "POINT_Y": -16.950137997599999 }, "geometry": { "type": "Point", "coordinates": [ -42.466635664199998, -16.950137997599999 ] } },
{ "type": "Feature", "properties": { "Bens_Tomba": "Núcleo histórico de Córregos", "PROCESSO": "PTE124/2001", "CATEGORIA": "CH", "SUBCATEG": "conjunto urbano; acervo", "DESCRICAO": "Área delimitada em planta que inclui as edificações descritas no processo de tombamento", "ETAPA": "TOMBADO", "ATO_LEGAL": "Tombamento aprovado em 6 de novembro de 2001 e inscrição referendada pela nota jurídica 2554/2010 da AGE", "LIVRO": "I, II, III, IV", "MUNICIPIO": "Conceição do Mato Dentro", "DISTRITO": "Córregos", "POINT_X": -43.500931414599997, "POINT_Y": -18.884432361199998 }, "geometry": { "type": "Point", "coordinates": [ -43.500931414599997, -18.884432361199998 ] } },
{ "type": "Feature", "properties": { "Bens_Tomba": "Museu Casa Guimarães Rosa", "PROCESSO": "PTE125/2002", "CATEGORIA": "BI", "SUBCATEG": "edificação; acervo", "DESCRICAO": "Área delimitada em planta que inclui a edificação", "ETAPA": "TOMBADO", "ATO_LEGAL": "Tombamento aprovado em 14 de agosto de 2002 e inscrição referendada pela nota jurídica 2554/2010 da AGE", "LIVRO": "II, III", "MUNICIPIO": "Cordisburgo", "DISTRITO": "Cordisburgo", "POINT_X": -44.321883262199997, "POINT_Y": -19.1203617163 }, "geometry": { "type": "Point", "coordinates": [ -44.321883262199997, -19.1203617163 ] } },
{ "type": "Feature", "properties": { "Bens_Tomba": "Cassino de Lambari", "PROCESSO": "PTE126/2002", "CATEGORIA": "BI", "SUBCATEG": "conjunto arquitetônico; acervo", "DESCRICAO": "Área delimitada em planta que inclui a edificação", "ETAPA": "TOMBADO", "ATO_LEGAL": "Tombamento aprovado em 14 de agosto de 2002 e inscrição referendada pela nota jurídica 2554/2010 da AGE", "LIVRO": "I, II, III, IV", "MUNICIPIO": "Lambari", "DISTRITO": "Lambari", "POINT_X": -45.346100734899998, "POINT_Y": -21.976058685600002 }, "geometry": { "type": "Point", "coordinates": [ -45.346100734899998, -21.976058685600002 ] } },
{ "type": "Feature", "properties": { "Bens_Tomba": "Igreja Matriz de Nossa Senhora de Oliveira", "PROCESSO": "PTE127/2002", "CATEGORIA": "BI", "SUBCATEG": "edificação e acervo; templo", "DESCRICAO": "Área delimitada em planta que inclui a edificação e elementos artísticos descritos no processo de tombamento", "ETAPA": "TOMBADO", "ATO_LEGAL": "Tombamento aprovado em 14 de agosto de 2002 e inscrição referendada pela nota jurídica 2554/2010 da AGE", "LIVRO": "II, III, IV", "MUNICIPIO": "Oliveira", "DISTRITO": "Oliveira", "POINT_X": -44.8277739177, "POINT_Y": -20.696764928099999 }, "geometry": { "type": "Point", "coordinates": [ -44.8277739177, -20.696764928099999 ] } },
{ "type": "Feature", "properties": { "Bens_Tomba": "Fazenda Santo Antônio", "PROCESSO": "PTE128/2004", "CATEGORIA": "CP", "SUBCATEG": "conjunto rural", "DESCRICAO": "Área delimitada em planta que inclui a edificação principal, pomar, antigo moinho, pátio frontal, paiol, currais e celeiro", "ETAPA": "TOMBADO", "ATO_LEGAL": "Tombamento aprovado em 25 de agosto de 2004 e inscrição referendada pela nota jurídica 2554/2010 da AGE", "LIVRO": "I, II, III", "MUNICIPIO": "Esmeraldas", "DISTRITO": "Esmeraldas", "POINT_X": -44.300372913300002, "POINT_Y": -19.7245095862 }, "geometry": { "type": "Point", "coordinates": [ -44.300372913300002, -19.7245095862 ] } },
{ "type": "Feature", "properties": { "Bens_Tomba": "Conjunto arquitetônico e paisagístico da Vila Elisa, Vila Operária e antiga Fábrica de Tecidos Marzagão", "PROCESSO": "PTE129/2004", "CATEGORIA": "CP", "SUBCATEG": "conjunto urbano; indústria", "DESCRICAO": "Área delimitada em planta que inclui as edificações descritas no processo de tombamento", "ETAPA": "TOMBADO", "ATO_LEGAL": "Tombamento aprovado em 26 de outubro de 2004 e inscrição referendada pela nota jurídica 2554/2010 da AGE", "LIVRO": "I, II, III", "MUNICIPIO": "Sabará", "DISTRITO": "Carvalho de Brito", "POINT_X": -43.862980899599997, "POINT_Y": -19.896706721400001 }, "geometry": { "type": "Point", "coordinates": [ -43.862980899599997, -19.896706721400001 ] } },
{ "type": "Feature", "properties": { "Bens_Tomba": "Conjunto arquitetônico e paisagístico da Vila Elisa, Vila Operária e antiga Fábrica de Tecidos Marzagão - Antiga fábrica de Tecidos Marzagão", "PROCESSO": "PTE129/2004_A", "CATEGORIA": "CP", "SUBCATEG": "conjunto urbano; indústria", "DESCRICAO": "Edificação incluída no tombamento do Conjunto arquitetônico e paisagístico da Vila Elisa, Vila Operária e antiga Fábrica de Tecidos Marzagão", "ETAPA": "TOMBADO", "ATO_LEGAL": "Tombamento aprovado em 26 de outubro de 2004 e inscrição referendada pela nota jurídica 2554/2010 da AGE", "LIVRO": "I, II, III", "MUNICIPIO": "Sabará", "DISTRITO": "Carvalho de Brito", "POINT_X": -43.863696190200002, "POINT_Y": -19.8969280598 }, "geometry": { "type": "Point", "coordinates": [ -43.863696190200002, -19.8969280598 ] } },
{ "type": "Feature", "properties": { "Bens_Tomba": "Conjunto arquitetônico e paisagístico da Vila Elisa, Vila Operária e antiga Fábrica de Tecidos Marzagão - Casarão do antigo escritório central da companhia", "PROCESSO": "PTE129/2004_B", "CATEGORIA": "CP", "SUBCATEG": "conjunto urbano; indústria", "DESCRICAO": "Edificação incluída no tombamento do Conjunto arquitetônico e paisagístico da Vila Elisa, Vila Operária e antiga Fábrica de Tecidos Marzagão", "ETAPA": "TOMBADO", "ATO_LEGAL": "Tombamento aprovado em 26 de outubro de 2004 e inscrição referendada pela nota jurídica 2554/2010 da AGE", "LIVRO": "I, II, III", "MUNICIPIO": "Sabará", "DISTRITO": "Carvalho de Brito", "POINT_X": -43.8633593076, "POINT_Y": -19.8972656509 }, "geometry": { "type": "Point", "coordinates": [ -43.8633593076, -19.8972656509 ] } },
{ "type": "Feature", "properties": { "Bens_Tomba": "Conjunto arquitetônico e paisagístico da Vila Elisa, Vila Operária e antiga Fábrica de Tecidos Marzagão - Vila Elisa", "PROCESSO": "PTE129/2004_C", "CATEGORIA": "CP", "SUBCATEG": "conjunto urbano; indústria", "DESCRICAO": "Edificação incluída no tombamento do Conjunto arquitetônico e paisagístico da Vila Elisa, Vila Operária e antiga Fábrica de Tecidos Marzagão", "ETAPA": "TOMBADO", "ATO_LEGAL": "Tombamento aprovado em 26 de outubro de 2004 e inscrição referendada pela nota jurídica 2554/2010 da AGE", "LIVRO": "I, II, III", "MUNICIPIO": "Sabará", "DISTRITO": "Carvalho de Brito", "POINT_X": -43.860683523299997, "POINT_Y": -19.897530349299998 }, "geometry": { "type": "Point", "coordinates": [ -43.860683523299997, -19.897530349299998 ] } },
{ "type": "Feature", "properties": { "Bens_Tomba": "Conjunto arquitetônico e paisagístico da Vila Elisa, Vila Operária e antiga Fábrica de Tecidos Marzagão - Capela em estilo neogótico Vila Elisa", "PROCESSO": "PTE129/2004_D", "CATEGORIA": "CP", "SUBCATEG": "conjunto urbano; indústria", "DESCRICAO": "Edificação incluída no tombamento do Conjunto arquitetônico e paisagístico da Vila Elisa, Vila Operária e antiga Fábrica de Tecidos Marzagão", "ETAPA": "TOMBADO", "ATO_LEGAL": "Tombamento aprovado em 26 de outubro de 2004 e inscrição referendada pela nota jurídica 2554/2010 da AGE", "LIVRO": "I, II, III", "MUNICIPIO": "Sabará", "DISTRITO": "Carvalho de Brito", "POINT_X": -43.86091291, "POINT_Y": -19.899543514800001 }, "geometry": { "type": "Point", "coordinates": [ -43.86091291, -19.899543514800001 ] } },
{ "type": "Feature", "properties": { "Bens_Tomba": "Conjunto arquitetônico e paisagístico da Vila Elisa, Vila Operária e antiga Fábrica de Tecidos Marzagão - Igreja Sagrado Coração de Jesus", "PROCESSO": "PTE129/2004_E", "CATEGORIA": "CP", "SUBCATEG": "conjunto urbano; indústria", "DESCRICAO": "Edificação incluída no tombamento do Conjunto arquitetônico e paisagístico da Vila Elisa, Vila Operária e antiga Fábrica de Tecidos Marzagão", "ETAPA": "TOMBADO", "ATO_LEGAL": "Tombamento aprovado em 26 de outubro de 2004 e inscrição referendada pela nota jurídica 2554/2010 da AGE", "LIVRO": "I, II, III", "MUNICIPIO": "Sabará", "DISTRITO": "Carvalho de Brito", "POINT_X": -43.8647333726, "POINT_Y": -19.896914924200001 }, "geometry": { "type": "Point", "coordinates": [ -43.8647333726, -19.896914924200001 ] } },
{ "type": "Feature", "properties": { "Bens_Tomba": "Conjunto arquitetônico e paisagístico da Vila Elisa, Vila Operária e antiga Fábrica de Tecidos Marzagão - Antigo depósito de algodão", "PROCESSO": "PTE129/2004_F", "CATEGORIA": "CP", "SUBCATEG": "conjunto urbano; indústria", "DESCRICAO": "Edificação incluída no tombamento do Conjunto arquitetônico e paisagístico da Vila Elisa, Vila Operária e antiga Fábrica de Tecidos Marzagão", "ETAPA": "TOMBADO", "ATO_LEGAL": "Tombamento aprovado em 26 de outubro de 2004 e inscrição referendada pela nota jurídica 2554/2010 da AGE", "LIVRO": "I, II, III", "MUNICIPIO": "Sabará", "DISTRITO": "Carvalho de Brito", "POINT_X": -43.864664170300003, "POINT_Y": -19.896496776599999 }, "geometry": { "type": "Point", "coordinates": [ -43.864664170300003, -19.896496776599999 ] } },
{ "type": "Feature", "properties": { "Bens_Tomba": "Conjunto arquitetônico e paisagístico da Vila Elisa, Vila Operária e antiga Fábrica de Tecidos Marzagão - Antiga casa do chefe da Estação", "PROCESSO": "PTE129/2004_G", "CATEGORIA": "CP", "SUBCATEG": "conjunto urbano; indústria", "DESCRICAO": "Edificação incluída no tombamento do Conjunto arquitetônico e paisagístico da Vila Elisa, Vila Operária e antiga Fábrica de Tecidos Marzagão", "ETAPA": "TOMBADO", "ATO_LEGAL": "Tombamento aprovado em 26 de outubro de 2004 e inscrição referendada pela nota jurídica 2554/2010 da AGE", "LIVRO": "I, II, III", "MUNICIPIO": "Sabará", "DISTRITO": "Carvalho de Brito", "POINT_X": -43.864568676600001, "POINT_Y": -19.896114373700001 }, "geometry": { "type": "Point", "coordinates": [ -43.864568676600001, -19.896114373700001 ] } },
{ "type": "Feature", "properties": { "Bens_Tomba": "Conjunto arquitetônico e paisagístico da Vila Elisa, Vila Operária e antiga Fábrica de Tecidos Marzagão - Antigos sobrados", "PROCESSO": "PTE129/2004_H", "CATEGORIA": "CP", "SUBCATEG": "conjunto urbano; indústria", "DESCRICAO": "Edificação incluída no tombamento do Conjunto arquitetônico e paisagístico da Vila Elisa, Vila Operária e antiga Fábrica de Tecidos Marzagão", "ETAPA": "TOMBADO", "ATO_LEGAL": "Tombamento aprovado em 26 de outubro de 2004 e inscrição referendada pela nota jurídica 2554/2010 da AGE", "LIVRO": "I, II, III", "MUNICIPIO": "Sabará", "DISTRITO": "Carvalho de Brito", "POINT_X": -43.863621684000002, "POINT_Y": -19.8959909322 }, "geometry": { "type": "Point", "coordinates": [ -43.863621684, -19.8959909322 ] } },
{ "type": "Feature", "properties": { "Bens_Tomba": "Conjunto arquitetônico e paisagístico da Vila Elisa, Vila Operária e antiga Fábrica de Tecidos Marzagão - Antigos sobrados", "PROCESSO": "PTE129/2004_I", "CATEGORIA": "CP", "SUBCATEG": "conjunto urbano; indústria", "DESCRICAO": "Edificação incluída no tombamento do Conjunto arquitetônico e paisagístico da Vila Elisa, Vila Operária e antiga Fábrica de Tecidos Marzagão", "ETAPA": "TOMBADO", "ATO_LEGAL": "Tombamento aprovado em 26 de outubro de 2004 e inscrição referendada pela nota jurídica 2554/2010 da AGE", "LIVRO": "I, II, III", "MUNICIPIO": "Sabará", "DISTRITO": "Carvalho de Brito", "POINT_X": -43.863319972799999, "POINT_Y": -19.8956014617 }, "geometry": { "type": "Point", "coordinates": [ -43.863319972799999, -19.8956014617 ] } },
{ "type": "Feature", "properties": { "Bens_Tomba": "Conjunto arquitetônico e paisagístico da Vila Elisa, Vila Operária e antiga Fábrica de Tecidos Marzagão - Antigas residências", "PROCESSO": "PTE129/2004_J", "CATEGORIA": "CP", "SUBCATEG": "conjunto urbano; indústria", "DESCRICAO": "Edificação incluída no tombamento do Conjunto arquitetônico e paisagístico da Vila Elisa, Vila Operária e antiga Fábrica de Tecidos Marzagão", "ETAPA": "TOMBADO", "ATO_LEGAL": "Tombamento aprovado em 26 de outubro de 2004 e inscrição referendada pela nota jurídica 2554/2010 da AGE", "LIVRO": "I, II, III", "MUNICIPIO": "Sabará", "DISTRITO": "Carvalho de Brito", "POINT_X": -43.8633865977, "POINT_Y": -19.896234398400001 }, "geometry": { "type": "Point", "coordinates": [ -43.8633865977, -19.896234398400001 ] } },
{ "type": "Feature", "properties": { "Bens_Tomba": "Conjunto arquitetônico e paisagístico da Vila Elisa, Vila Operária e antiga Fábrica de Tecidos Marzagão - Conjunto de residências isoladas", "PROCESSO": "PTE129/2004_K", "CATEGORIA": "CP", "SUBCATEG": "conjunto urbano; indústria", "DESCRICAO": "Edificação incluída no tombamento do Conjunto arquitetônico e paisagístico da Vila Elisa, Vila Operária e antiga Fábrica de Tecidos Marzagão", "ETAPA": "TOMBADO", "ATO_LEGAL": "Tombamento aprovado em 26 de outubro de 2004 e inscrição referendada pela nota jurídica 2554/2010 da AGE", "LIVRO": "I, II, III", "MUNICIPIO": "Sabará", "DISTRITO": "Carvalho de Brito", "POINT_X": -43.863501392700002, "POINT_Y": -19.899054104400001 }, "geometry": { "type": "Point", "coordinates": [ -43.863501392700002, -19.899054104400001 ] } },
{ "type": "Feature", "properties": { "Bens_Tomba": "Conjunto arquitetônico e paisagístico e acervo do Museu Mariano Procópio", "PROCESSO": "PTE130/2005", "CATEGORIA": "CP", "SUBCATEG": "conjunto arquitetônico; jardim histórico; acervo", "DESCRICAO": "Área delimitada em planta que inclui o anexo, vila, parque Mariano Procópio e equipamentos", "ETAPA": "TOMBADO", "ATO_LEGAL": "Tombamento aprovado em 28 de março de 2005 e inscrição referendada pela nota jurídica 2554/2010 da AGE", "LIVRO": "I, II, III, IV", "MUNICIPIO": "Juiz de Fora", "DISTRITO": "Juiz de Fora", "POINT_X": -43.359292577399998, "POINT_Y": -21.746473396300001 }, "geometry": { "type": "Point", "coordinates": [ -43.359292577399998, -21.746473396300001 ] } },
{ "type": "Feature", "properties": { "Bens_Tomba": "Edifício sede do antigo Banco de Crédito Real e acervo do Museu do Crédito Real", "PROCESSO": "PTE131/2005", "CATEGORIA": "BI", "SUBCATEG": "edificação e acervo", "DESCRICAO": "Área delimitada em planta que inclui o lote, a eficiação principal e o acervo do museu", "ETAPA": "TOMBADO", "ATO_LEGAL": "Tombamento aprovado em 28 de março de 2005 e inscrição referendada pela nota jurídica 2554/2010 da AGE", "LIVRO": "II, III, IV", "MUNICIPIO": "Juiz de Fora", "DISTRITO": "Juiz de Fora", "POINT_X": -43.3464086838, "POINT_Y": -21.760404983000001 }, "geometry": { "type": "Point", "coordinates": [ -43.3464086838, -21.760404983 ] } },
{ "type": "Feature", "properties": { "Bens_Tomba": "Conjunto arquitetônico das antigas estações da Central do Brasil e da Estrada de Ferro Leopoldina e acervo do Museu Ferroviário de Juiz de Fora", "PROCESSO": "PTE132/2005", "CATEGORIA": "CP", "SUBCATEG": "conjunto arquitetônico; ferrovia; acervo", "DESCRICAO": "Área delimitada em planta que inclui as edificação e elementos artísticos descritos no processo de tombamento", "ETAPA": "TOMBADO", "ATO_LEGAL": "Tombamento aprovado em 28 de março de 2005 e inscrição referendada pela nota jurídica 2554/2010 da AGE", "LIVRO": "I, II, III, IV", "MUNICIPIO": "Juiz de Fora", "DISTRITO": "Juiz de Fora", "POINT_X": -43.343775173899999, "POINT_Y": -21.758843706 }, "geometry": { "type": "Point", "coordinates": [ -43.343775173899999, -21.758843706 ] } },
{ "type": "Feature", "properties": { "Bens_Tomba": "Conjunto arquitetônico e paisagístico e acervo do Museu da Usina de Marmelos", "PROCESSO": "PTE133/2005", "CATEGORIA": "CP", "SUBCATEG": "estrutura ou equipamento urbano; indústria; acervo", "DESCRICAO": "Área delimitada em planta que inclui as edificações e elementos artísticos descrito no processo de tombamento", "ETAPA": "TOMBADO", "ATO_LEGAL": "Tombamento aprovado em 28 de março de 2005 e inscrição referendada pela nota jurídica 2554/2010 da AGE", "LIVRO": "I, III, IV", "MUNICIPIO": "Juiz de Fora", "DISTRITO": "Juiz de Fora", "POINT_X": -43.304159458599997, "POINT_Y": -21.787924109900001 }, "geometry": { "type": "Point", "coordinates": [ -43.304159458599997, -21.787924109900001 ] } },
{ "type": "Feature", "properties": { "Bens_Tomba": "Acervo do Museu da Escola de Minas Gerais", "PROCESSO": "PTE134/2005", "CATEGORIA": "BM", "SUBCATEG": "Bem móvel ou integrado", "DESCRICAO": "Cerca de cinco mil objetos referentes ao mundo escolar", "ETAPA": "TOMBADO", "ATO_LEGAL": "Tombamento aprovado em 26 de setembro de 2005 e inscrição referendada pela nota jurídica 2554/2010 da AGE", "LIVRO": "III", "MUNICIPIO": "Belo Horizonte", "DISTRITO": "Belo Horizonte", "POINT_X": -43.9858375, "POINT_Y": -19.9323559 }, "geometry": { "type": "Point", "coordinates": [ -43.9858375, -19.9323559 ] } },
{ "type": "Feature", "properties": { "Bens_Tomba": "Conjunto histórico e paisagístico da Serra da Calçada", "PROCESSO": "PTE135/2008", "CATEGORIA": "CP", "SUBCATEG": "patrimônio natural; sítio arqueológico", "DESCRICAO": "Área delimitada em planta que inclui o forte de Brumadinho, caminho calçado, cava de mineração e outras estruturas arqueológicas decritas no processo de tombamento", "ETAPA": "TOMBAMENTO PROVISÓRIO", "ATO_LEGAL": "Deliberação CONEP 04/2008, de 30 de junho de 2008", "LIVRO": null, "MUNICIPIO": "Brumadinho, Nova Lima", "DISTRITO": "Brumadinho, Piedade do Paraopeba, Nova Lima", "POINT_X": -43.994991333000002, "POINT_Y": -20.118120209000001 }, "geometry": { "type": "Point", "coordinates": [ -43.994991333, -20.118120209 ] } },
{ "type": "Feature", "properties": { "Bens_Tomba": "Conjunto paisagístico e arquitetônico da antiga Estação da Estrada de Ferro Goiás", "PROCESSO": "PTE136/2002", "CATEGORIA": "CP", "SUBCATEG": "conjunto urbano; ferrovia", "DESCRICAO": "Área delimitada em planta que inclui as edificações descritas no processo de tombamento", "ETAPA": "TOMBADO", "ATO_LEGAL": "Deliberação CONEP 05/2008, de 30 de junho de 2008", "LIVRO": "II, III", "MUNICIPIO": "Araguari", "DISTRITO": "Araguari", "POINT_X": -48.198740805900002, "POINT_Y": -18.644068970599999 }, "geometry": { "type": "Point", "coordinates": [ -48.198740805900002, -18.644068970599999 ] } },
{ "type": "Feature", "properties": { "Bens_Tomba": "Casa Wenceslau Braz", "PROCESSO": "PTE137/2008", "CATEGORIA": "BI", "SUBCATEG": "edificação", "DESCRICAO": "Área delimitada em planta que inclui a edificação e seus elementos artísticos integrados", "ETAPA": "TOMBADO", "ATO_LEGAL": "Deliberação CONEP 06/2008 de 30 de junho de 2008", "LIVRO": "II, III, IV", "MUNICIPIO": "Itajubá", "DISTRITO": "Itajubá", "POINT_X": -45.454252121300001, "POINT_Y": -22.4244718741 }, "geometry": { "type": "Point", "coordinates": [ -45.454252121300001, -22.4244718741 ] } },
{ "type": "Feature", "properties": { "Bens_Tomba": "Centro histórico de Pitangui", "PROCESSO": "PTE138/2008", "CATEGORIA": "CH", "SUBCATEG": "conjunto urbano; templo; escola", "DESCRICAO": "Área delimitada em planta que inclui as edificações descritas no processo de tombamento", "ETAPA": "TOMBADO", "ATO_LEGAL": "Deliberação CONEP 09/2008, de 04 de setembro de 2008", "LIVRO": "II, III", "MUNICIPIO": "Pitangui", "DISTRITO": "Pitangui", "POINT_X": -44.889863457099999, "POINT_Y": -19.682736224700001 }, "geometry": { "type": "Point", "coordinates": [ -44.889863457099999, -19.682736224700001 ] } },
{ "type": "Feature", "properties": { "Bens_Tomba": "Capela de Nossa Senhora da Glória", "PROCESSO": "PTE139/2008", "CATEGORIA": "BI", "SUBCATEG": "edificação; templo", "DESCRICAO": "Área delimitada em planta que inclui a edificação, adro, escadaria, sineira e cemitério", "ETAPA": "TOMBADO", "ATO_LEGAL": "Deliberação CONEP 07/2015, de 16 de dezembro de 2015", "LIVRO": "II, III, IV", "MUNICIPIO": "Carandaí", "DISTRITO": "Hermilo Alves", "POINT_X": -43.819216920800002, "POINT_Y": -21.048296857699999 }, "geometry": { "type": "Point", "coordinates": [ -43.819216920800002, -21.048296857699999 ] } },
{ "type": "Feature", "properties": { "Bens_Tomba": "Casa JK", "PROCESSO": "PTE140/2008", "CATEGORIA": "BI", "SUBCATEG": "edificação; acervo", "DESCRICAO": "Área delimitada em planta que inclui a edificação e elementos artísticos descritos no processo de tombamento", "ETAPA": "TOMBADO", "ATO_LEGAL": "Deliberação CONEP 02/2009, de 30 de junho de 2009", "LIVRO": "II, III, IV", "MUNICIPIO": "Belo Horizonte", "DISTRITO": "Belo Horizonte", "POINT_X": -43.980344212399999, "POINT_Y": -19.8549067728 }, "geometry": { "type": "Point", "coordinates": [ -43.980344212399999, -19.8549067728 ] } },
{ "type": "Feature", "properties": { "Bens_Tomba": "Conjunto arquitetônico e paisagístico da Capela de Santana e da Fazenda Pé do Morro", "PROCESSO": "PTE141/2009", "CATEGORIA": "CP", "SUBCATEG": "conjunto rural", "DESCRICAO": "Área delimitada em planta que inclui as edificações descritas no processo de tombamento", "ETAPA": "TOMBADO", "ATO_LEGAL": "Deliberação CONEP 03/2009, de 17 de dezembro de 2009", "LIVRO": "I, II, III", "MUNICIPIO": "Ouro Branco", "DISTRITO": "Ouro Branco", "POINT_X": -43.664695305199999, "POINT_Y": -20.515738447299999 }, "geometry": { "type": "Point", "coordinates": [ -43.664695305199999, -20.515738447299999 ] } },
{ "type": "Feature", "properties": { "Bens_Tomba": "Ruínas do casarão do Capitão Henrique", "PROCESSO": "PTE142/2010", "CATEGORIA": "BI", "SUBCATEG": "sítio arqueológico", "DESCRICAO": "Área delimitada em planta que inclui a edificação", "ETAPA": "TOMBADO", "ATO_LEGAL": "Deliberação CONEP 03/2010, de 23 de março de 2010", "LIVRO": "I, III", "MUNICIPIO": "Oliveira", "DISTRITO": "Oliveira", "POINT_X": -44.828262597600002, "POINT_Y": -20.696253251600002 }, "geometry": { "type": "Point", "coordinates": [ -44.828262597600002, -20.696253251600002 ] } },
{ "type": "Feature", "properties": { "Bens_Tomba": "Conjunto paisagístico da Serra dos Cristais", "PROCESSO": "PTE143/2010", "CATEGORIA": "CP", "SUBCATEG": "patrimônio natural; sítio arqueológico", "DESCRICAO": "Área delimitada em planta", "ETAPA": "TOMBADO", "ATO_LEGAL": "Deliberação CONEP 04/2010 de 19 de novembro de 2010", "LIVRO": "I, III", "MUNICIPIO": "Diamantina", "DISTRITO": "Diamantina; Extração", "POINT_X": -43.570469825300002, "POINT_Y": -18.237065263600002 }, "geometry": { "type": "Point", "coordinates": [ -43.570469825300002, -18.237065263600002 ] } },
{ "type": "Feature", "properties": { "Bens_Tomba": "Casarão do Registro do Paraibuna", "PROCESSO": "PTE144/2012", "CATEGORIA": "CP", "SUBCATEG": "edificação", "DESCRICAO": "Área delimitada em planta", "ETAPA": "TOMBADO", "ATO_LEGAL": "Deliberação CONEP 01/2012, de 12 março de 2012", "LIVRO": "I, II, III", "MUNICIPIO": "Simão Pereira", "DISTRITO": "Simão Pereira", "POINT_X": -43.310996878200001, "POINT_Y": -22.014702572800001 }, "geometry": { "type": "Point", "coordinates": [ -43.310996878200001, -22.014702572800001 ] } },
{ "type": "Feature", "properties": { "Bens_Tomba": "Centro histórico de Oliveira", "PROCESSO": "PTE145/2013", "CATEGORIA": "CH", "SUBCATEG": "conjunto urbano; templo; escola", "DESCRICAO": "Área delimitada em planta que inclui as edificações descritas no processo de tombamento", "ETAPA": "TOMBADO", "ATO_LEGAL": "Deliberação CONEP 03/2013 de 31 de outubro de 2013", "LIVRO": "I, II, III", "MUNICIPIO": "Oliveira", "DISTRITO": "Oliveira", "POINT_X": -44.826984723099997, "POINT_Y": -20.6975742451 }, "geometry": { "type": "Point", "coordinates": [ -44.826984723099997, -20.6975742451 ] } },
{ "type": "Feature", "properties": { "Bens_Tomba": "Conjunto arquitetônico ferroviário e paisagístico de Ribeirão Vermelho", "PROCESSO": "PTE146/2014", "CATEGORIA": "CP", "SUBCATEG": "conjunto arquitetônico; ferrovia", "DESCRICAO": "Área delimitada em planta que inclui trilhos, edificações do antigo complexo ferroviário e bens integrados descritos no processo de tombamento", "ETAPA": "TOMBADO", "ATO_LEGAL": "Deliberação CONEP 03/2014, de 19 de agosto de 2014", "LIVRO": "I, II, III", "MUNICIPIO": "Ribeirão Vermelho", "DISTRITO": "Ribeirão Vermelho", "POINT_X": -45.059222574400003, "POINT_Y": -21.191725613700001 }, "geometry": { "type": "Point", "coordinates": [ -45.059222574400003, -21.191725613700001 ] } },
{ "type": "Feature", "properties": { "Bens_Tomba": "Conjunto arquitetônico e paisagístico da Fazenda Santa Clara", "PROCESSO": "PTE147/2014", "CATEGORIA": "CP", "SUBCATEG": "conjunto rural", "DESCRICAO": "Área delimitada em planta que inclui as edificações descritas no processo de tombamento", "ETAPA": "TOMBADO", "ATO_LEGAL": "Deliberação CONEP 04/2014, de 19 de agosto de 2014", "LIVRO": "I, II, III", "MUNICIPIO": "Santa Rita do Jacutinga", "DISTRITO": "Santa Rita do Jacutinga", "POINT_X": -43.9853174211, "POINT_Y": -22.149771070100002 }, "geometry": { "type": "Point", "coordinates": [ -43.9853174211, -22.149771070100002 ] } },
{ "type": "Feature", "properties": { "Bens_Tomba": "Conjunto arquitetônico, paisagístico e arqueológico das Escolas Dom Bosco", "PROCESSO": "PTE148/2014", "CATEGORIA": "CP", "SUBCATEG": "conjunto arquitetônico; escola", "DESCRICAO": "Área delimitada em planta que inclui as edificações do núcleo inicial, teatro, residência do caseiro, serraria hidráulica e maquinários", "ETAPA": "TOMBADO", "ATO_LEGAL": "Deliberação CONEP 08/2014, 03 de dezembro de 2014", "LIVRO": "I, III", "MUNICIPIO": "Ouro Preto", "DISTRITO": "Cachoeira do Campo", "POINT_X": -43.658335700800002, "POINT_Y": -20.3664021212 }, "geometry": { "type": "Point", "coordinates": [ -43.658335700800002, -20.3664021212 ] } },
{ "type": "Feature", "properties": { "Bens_Tomba": "Edifício da antiga sede do DOPS-MG", "PROCESSO": "PTE149/2015", "CATEGORIA": "BI", "SUBCATEG": "edificação", "DESCRICAO": "Área delimitada em planta que inclui a edificação", "ETAPA": "TOMBADO", "ATO_LEGAL": "Deliberação CONEP 03/2016, de 23 de fevereiro de 2016", "LIVRO": "III", "MUNICIPIO": "Belo Horizonte", "DISTRITO": "Belo Horizonte", "POINT_X": -43.930173998699999, "POINT_Y": -19.932088066599999 }, "geometry": { "type": "Point", "coordinates": [ -43.930173998699999, -19.932088066599999 ] } },
{ "type": "Feature", "properties": { "Bens_Tomba": "Núcleo Histórico de Santana dos Montes", "PROCESSO": "PTE150/2017", "CATEGORIA": "CH", "SUBCATEG": "conjunto urbano; templo", "DESCRICAO": null, "ETAPA": "TOMBADO", "ATO_LEGAL": "Deliberação CONEP 03/2023, de 16 de outubro de 2023", "LIVRO": "I, II, III, IV", "MUNICIPIO": "Santana dos Montes", "DISTRITO": "Santana dos Montes", "POINT_X": -43.691873261700003, "POINT_Y": -20.787885711800001 }, "geometry": { "type": "Point", "coordinates": [ -43.691873261700003, -20.787885711800001 ] } },
{ "type": "Feature", "properties": { "Bens_Tomba": "Hospital Cassiano Campolina", "PROCESSO": "PTE151/2017", "CATEGORIA": "BI", "SUBCATEG": "edificação; estrutura ou equipamento urbano; hospital", "DESCRICAO": "Área delimitada em planta que inclui a edificação", "ETAPA": "TOMBADO", "ATO_LEGAL": "Deliberação CONEP 17/2018 de 18 de setembro de 2018", "LIVRO": "II, III, IV", "MUNICIPIO": "Entre Rios de Minas", "DISTRITO": "Entre Rios de Minas", "POINT_X": -44.068014215600002, "POINT_Y": -20.666353388099999 }, "geometry": { "type": "Point", "coordinates": [ -44.068014215600002, -20.666353388099999 ] } },
{ "type": "Feature", "properties": { "Bens_Tomba": "Ruína da Capela de Mocambinho", "PROCESSO": "PTE155/2013", "CATEGORIA": "BI", "SUBCATEG": "edificação; sítio arqueológico; templo", "DESCRICAO": "Área delimitada em planta que inclui a ruína e o cemitério", "ETAPA": "TOMBADO", "ATO_LEGAL": "Deliberação CONEP 15/2017 de 22 de dezembro de 2017", "LIVRO": "I, III", "MUNICIPIO": "Jaíba", "DISTRITO": "Jaíba", "POINT_X": -44.016517286000003, "POINT_Y": -15.0839283626 }, "geometry": { "type": "Point", "coordinates": [ -44.016517286, -15.0839283626 ] } },
{ "type": "Feature", "properties": { "Bens_Tomba": "Centro histórico de Grão Mogol", "PROCESSO": "PTE156/2015", "CATEGORIA": "CH", "SUBCATEG": "conjunto urbano; templo", "DESCRICAO": "Área delimitada em planta que inclui edificações descritas no processo de tombamento", "ETAPA": "TOMBADO", "ATO_LEGAL": "Deliberação CONEP 02/2017 de 23 de maio de 2017", "LIVRO": "I, II, III", "MUNICIPIO": "Grão Mogol", "DISTRITO": "Grão Mogol", "POINT_X": -42.892886241699998, "POINT_Y": -16.563809288000002 }, "geometry": { "type": "Point", "coordinates": [ -42.892886241699998, -16.563809288 ] } },
{ "type": "Feature", "properties": { "Bens_Tomba": "Túnel da Mantiqueira", "PROCESSO": "PTE158/2016", "CATEGORIA": "BI", "SUBCATEG": "edificação; ferrovia", "DESCRICAO": "Área delimitada em planta que inclui o túnel, a estação Coronel Fulgêncio, o girador, a fonte, o marco, os arrimos, o sistema de drenagem e os trilhos", "ETAPA": "TOMBADO", "ATO_LEGAL": "Deliberação CONEP 06/2017, de 11 de agosto de 2017", "LIVRO": "III", "MUNICIPIO": "Passa Quatro", "DISTRITO": "Pinheirinhos", "POINT_X": -45.001418450199999, "POINT_Y": -22.463108013599999 }, "geometry": { "type": "Point", "coordinates": [ -45.001418450199999, -22.463108013599999 ] } },
{ "type": "Feature", "properties": { "Bens_Tomba": "Edifício do antigo Banco Mineiro da Produção", "PROCESSO": "PTE159/2016", "CATEGORIA": "BI", "SUBCATEG": "edificação", "DESCRICAO": "Edifício e terreno", "ETAPA": "TOMBADO", "ATO_LEGAL": "Deliberação CONEP 08/2016 de 25 de outubro de 2016", "LIVRO": "II, III", "MUNICIPIO": "Belo Horizonte", "DISTRITO": "Belo Horizonte", "POINT_X": -43.938506776899999, "POINT_Y": -19.9185442478 }, "geometry": { "type": "Point", "coordinates": [ -43.938506776899999, -19.9185442478 ] } },
{ "type": "Feature", "properties": { "Bens_Tomba": "Antiga Escola de Aprendizes Marinheiros", "PROCESSO": "PTE160/2016", "CATEGORIA": "BI", "SUBCATEG": "edificação; escola", "DESCRICAO": "Área delimitada em planta que inclui edificações descritas no processo", "ETAPA": "TOMBADO", "ATO_LEGAL": "Deliberação CONEP 04/2018 de 20 de fevereiro de 2018", "LIVRO": "III", "MUNICIPIO": "Buritizeiro", "DISTRITO": "Buritizeiro", "POINT_X": -44.957936498199999, "POINT_Y": -17.3535342136 }, "geometry": { "type": "Point", "coordinates": [ -44.957936498199999, -17.3535342136 ] } },
{ "type": "Feature", "properties": { "Bens_Tomba": "Capela de Nossa Senhora das Mercês", "PROCESSO": "PTE162/2018", "CATEGORIA": "BI", "SUBCATEG": "edificação; templo", "DESCRICAO": "Área delimitada em planta que inclui a edificação e o cemitério", "ETAPA": "TOMBADO", "ATO_LEGAL": "Deliberação CONEP 07/2020 de 17 de setembro de 2020", "LIVRO": "II, III", "MUNICIPIO": "Mariana", "DISTRITO": "Santa Rita Durão", "POINT_X": -43.417993656599997, "POINT_Y": -20.2330846947 }, "geometry": { "type": "Point", "coordinates": [ -43.417993656599997, -20.2330846947 ] } },
{ "type": "Feature", "properties": { "Bens_Tomba": "Conjunto histórico e paisagístico da Serra do Curral", "PROCESSO": "PTE163/2018", "CATEGORIA": "CP", "SUBCATEG": "patrimônio natural; sítio arqueológico", "DESCRICAO": null, "ETAPA": "PROTEÇÃO PROVISÓRIA", "ATO_LEGAL": "Portaria IEPHA-MG 22/2022, de 19 de junho de 2022", "LIVRO": null, "MUNICIPIO": "Belo Horizonte e Nova Lima", "DISTRITO": "Belo Horizonte e Nova Lima", "POINT_X": -43.892583873200003, "POINT_Y": -19.966868401599999 }, "geometry": { "type": "Point", "coordinates": [ -43.892583873200003, -19.966868401599999 ] } },
{ "type": "Feature", "properties": { "Bens_Tomba": "Parque das Águas de São Lourenço", "PROCESSO": "PTE164/2018", "CATEGORIA": "CP", "SUBCATEG": "estrutura ou equipamento urbano; parque; balneário", "DESCRICAO": "Área delimitada em planta que inclui o balneário, edificações e fontes descritas no processo de tombamento", "ETAPA": "TOMBADO", "ATO_LEGAL": "Deliberação CONEP 08/2020 de 17 de setembro de 2020", "LIVRO": "III", "MUNICIPIO": "São Lourenço", "DISTRITO": "São Lourenço", "POINT_X": -45.057347492399998, "POINT_Y": -22.113550998800001 }, "geometry": { "type": "Point", "coordinates": [ -45.057347492399998, -22.113550998800001 ] } },
{ "type": "Feature", "properties": { "Bens_Tomba": "Centro Histórico de Januária", "PROCESSO": "PTE167/2019", "CATEGORIA": "CH", "SUBCATEG": "conjunto urbano; templo", "DESCRICAO": "Área de estudo delimitada em planta", "ETAPA": "TOMBAMENTO", "ATO_LEGAL": "Deliberação CONEP 11/2016, de 25 de outubro de 2016. Deliberação CONEP 01/2024, publicada no Jornal Minas Gerais em 16/05/2024", "LIVRO": null, "MUNICIPIO": "Januária", "DISTRITO": "Januária", "POINT_X": -44.361350329499999, "POINT_Y": -15.4929895674 }, "geometry": { "type": "Point", "coordinates": [ -44.361350329499999, -15.4929895674 ] } },
{ "type": "Feature", "properties": { "Bens_Tomba": "Lago de Furnas e Lago do Peixoto", "PROCESSO": "PTE180/2020", "CATEGORIA": "CP", "SUBCATEG": "Estrutura ou equipamento urbano; indústria; infraestrutura", "DESCRICAO": null, "ETAPA": "TOMBAMENTO CONSTITUCIONAL", "ATO_LEGAL": "Emenda à Constituição nº 106, de 4/12/2020", "LIVRO": null, "MUNICIPIO": "Diversos", "DISTRITO": "Diversos", "POINT_X": -46.117331776199997, "POINT_Y": -20.714748308600001 }, "geometry": { "type": "Point", "coordinates": [ -46.117331776199997, -20.714748308600001 ] } }
]
}
